country_name,continent_name,cases,deaths,popData2019,Surface area (km2),Population in thousands (2017),"Population density (per km2, 2017)","Sex ratio (m per 100 f, 2017)",GDP: Gross domestic product (million current US$),"GDP growth rate (annual %, const. 2005 prices)",GDP per capita (current US$),Economy: Agriculture (% of GVA),Economy: Industry (% of GVA),Economy: Services and other activity (% of GVA),Employment: Agriculture (% of employed),Employment: Industry (% of employed),Employment: Services (% of employed),Unemployment (% of labour force),Labour force participation (female/male pop. %),Agricultural production index (2004-2006=100),Food production index (2004-2006=100),International trade: Exports (million US$),International trade: Imports (million US$),International trade: Balance (million US$),"Balance of payments, current account (million US$)",Population growth rate (average annual %),Urban population (% of total population)_x,Urban population growth rate (average annual %),"Fertility rate, total (live births per woman)","Population age distribution (0-14 / 60+ years, %)",International migrant stock (000/% of total pop.),Refugees and others of concern to UNHCR (in thousands),Infant mortality rate (per 1000 live births,Health: Total expenditure (% of GDP),Health: Physicians (per 1000 pop.),Education: Primary gross enrol. ratio (f/m per 100 pop.),Education: Secondary gross enrol. ratio (f/m per 100 pop.),Education: Tertiary gross enrol. ratio (f/m per 100 pop.),Seats held by women in national parliaments %,Mobile-cellular subscriptions (per 100 inhabitants),Mobile-cellular subscriptions (per 100 inhabitants).1,Individuals using the Internet (per 100 inhabitants),Threatened species (number),Forested area (% of land area),CO2 emission estimates (million tons/tons per capita),"Energy production, primary (Petajoules)",Energy supply per capita (Gigajoules),"Pop. using improved drinking water (urban/rural, %)",Quality Of Life Index,Purchasing Power Index,Safety Index,Health Care Index,Cost of Living,Property price to income ratio,Traffic commute time index,Pollution index,Climate index,Gross Rental Yield City Center,Gross Rental Yield Outside Center,Property Price to Rent Ratio City Center,Property Price to Rent Ratio Outside Center,Mortgate as percentage of income,Affordability Index,Cost Of Living Index,Rent Index,Cost Of Living Plus Rent Index,Grocery Index,Restaurant Price Index,Local Purchasing Power Index,Access to electricity (% of population),Adjusted net national income per capita (constant 2010 US$),Age dependency ratio (% of working-age population),"Air transport, passengers carried",Commercial service exports (current US$),Commercial service imports (current US$),Consumer price index (2010 = 100),Current account balance (% of GDP),Current health expenditure (% of GDP),Exports of goods and services (% of GDP),Gross domestic savings (% of GDP),High-technology exports (current US$),Human capital index (HCI) (scale 0-1),Imports of goods and services (% of GDP),"Inflation, consumer prices (annual %)","Life expectancy at birth, female (years)","Life expectancy at birth, male (years)","Life expectancy at birth, total (years)",Military expenditure (% of GDP),"Population, female","Population, male",Urban population (% of total population)_y
Argentina,America,0.4348930060517157,0.6306491442611277,-0.18998559345057506,0.7052755025988726,-0.18867894869670324,-0.2571008581782015,-0.1844388805750169,-0.11904455851132192,-0.07553541461769975,-0.44036267736887363,0.17047282879924883,-0.2132357266788349,0.08000614242099699,-0.7762297559257172,0.12080544620707453,0.6348107341353983,-0.2142262656370679,-0.128472447634758,0.37642307895324484,0.35399442106717777,-0.4450182001019863,-0.513131866339685,-0.16558436788373668,-0.4880693871305485,0.09855504405106703,1.1981980828407421,-0.15288303906909928,0.7904436512191602,0.9602330946121377,0.005258770059910056,-0.36814310144106327,0.38799305412327323,-1.1478174102713181,0.7405700370158512,1.113834229566704,0.22108626070010146,1.4180814788754807,1.325913161077526,1.0103940255980992,0.015814370940017267,-0.17233508040406714,-1.1731629324214263,-0.1470199777964777,-0.14801171696385826,-0.35106823880400123,-0.06079746788496429,0.19055234945560737,0.07794549553793204,-0.43901919072346274,-1.921360385254349,0.7256369685590346,-0.14091678266025026,-0.00048400022784313905,0.3125809944079321,0.14433429969587924,1.0093987954275152,-0.5397240560073318,-0.6981399172131351,0.30852491499147505,0.5922182051858453,1.9326700584790577,-1.5604378078171055,-0.14091678266025026,-0.4735756975025997,-0.28234867841688666,-0.22279920968163888,0.02595660296914297,-0.43901919072346274,0.21519188251272847,-0.7013402321719411,0.5846402805816305,-0.3891069922695004,-0.6783412700156494,-0.45319791198756726,-0.3591611961446269,-0.934525994902723,0.6693889619246599,-1.2508910296032787,-0.7490006093275812,-0.38179663700711,-0.7722607140835965,-1.330060976236917,9.986002540822629e-17,-0.3263940096988556,-0.5925757138863825,-0.4514308948574775,-0.8914270596635753,-0.1863374034241198,-0.19318952847826926,1.1689109163030416
Australia,Oceania,-0.46157138733994446,-0.49453669334142647,-0.2631998899018011,2.776092862893959,-0.264228200288816,-0.2688357089019037,-0.06472965118565228,0.2364945572347306,-0.07553541461769975,1.3071696039788794,-0.5099231107065246,-0.38065425308405226,0.5784307167209917,-0.7158305188250416,-0.4389663243365985,0.8690360759639751,-0.4492424220321634,0.745620467113871,-0.12069438404532622,-0.1385195560697652,-0.06559117439887738,-0.02381529972537652,-0.18744894902444634,-1.1226343531498344,0.44021253009476596,1.0557972441220258,0.2446128625105589,0.09672095310276616,-0.033357169897150575,1.9108953851784567,-0.3205132468972578,-0.477307866582285,0.7186538646226263,0.3971172662258916,-0.08518633499153241,1.292936005667302,1.5610332408588958,0.3922111687308453,0.5026017473436609,0.8019576911280123,1.7017373080093372,-0.8323865296710273,-0.03689097944634869,0.6900575207105418,0.7940829211042885,0.5471772109646268,0.677027081399113,1.0079285750621656,1.1877538069904512,-0.3053700721944287,0.8247808623714484,1.1796344850383105,-0.5483722581463856,-0.15556356465883248,-1.1748549039804668,0.5489328709191688,0.3082488191528501,0.15544354321102108,-0.5246101630474476,-0.4087810554533311,-0.45860139796720323,0.2642880890063012,1.1796344850383105,1.5072964105672968,1.3720910846423464,1.3773110261410506,1.060502010707759,1.1877538069904512,0.21519188251272847,1.1926403974288322,0.17863705752050577,0.3199192401051985,-0.006038453165046219,0.013254833088414134,-0.25701078152651413,-0.5505751625206978,0.7024233089218137,-0.9302482258693036,-0.01893448317817675,-0.3466420208330809,1.0205266050976707,-1.077398246270372,-0.25874463554878424,0.9016925248937094,1.119937583234824,1.0437677287905567,0.2579709857231401,-0.26758332618237435,-0.261825002672427,0.8231902710803665
Austria,Europe,-0.28351076463790154,-0.39595801541207426,-0.32432348103267117,-0.4316148900054911,-0.32413014220456027,-0.1760401201021661,-0.1738763015112495,-0.2707466971722164,-0.40285554462773177,0.9635079374596264,-0.7432017185370756,-0.14884398575375132,0.5072272061067077,-0.5432612699659679,0.24519917299455748,0.36935534672967857,-0.2847311125555965,0.40668647976236194,-0.30711343266979035,-0.32321229749611885,-0.19253095591931443,-0.17049397126413757,-0.23369829197418954,-0.13947004069576352,-0.17477094478389213,-0.33261093338546427,-0.6298781209646891,-0.7704324195427266,-0.8585423048285936,-0.23670419776813653,-0.22364200137771356,-0.5302854739724213,1.4490121895811257,1.9426547347807106,-0.06961463934791763,-0.36314085350948877,0.8420699673540714,0.5661360496581684,1.6279792288805246,0.7657537224351446,-0.5460662792495148,0.8550063033027228,-0.24874752681283976,-0.3321586679080806,0.2591217953077152,0.5471772109646268,0.677027081399113,1.3560115517826032,0.9531159010271214,1.547301652377484,1.5198317389932106,0.7499499500876218,-0.46706021986872204,-1.3855334310267888,-1.2978262801840357,0.27440452890244754,-0.6447826423103632,-0.7872094956921775,0.4473807613312954,0.7332524652759012,-0.5660609591484101,0.7245793062230165,0.7499499500876218,0.35282587378861496,0.6277683260324234,0.8403645556622997,0.6667946368468575,0.9531159010271214,0.21519188251272847,0.9966462555751465,-0.16615974119365287,-0.3962286995091702,0.022865255213857197,-0.11803799440871039,-0.318565268904638,0.20075164990319116,1.184250030334789,0.1281272964432084,0.2846335560759833,-0.21845315787423655,0.9271522655569795,0.07781129101045955,-0.22892280371261825,0.7505124016365218,0.8712886092599935,0.8348845866758157,-0.9911750144490196,-0.33014004393991503,-0.32087941619515614,-0.8217183933580582
Belarus,Europe,-0.3809186238562267,-0.48451509234918133,-0.3221034554338885,-0.37944919425864565,-0.32133992766543684,-0.22956909301874626,-0.49779539280011936,-0.46223845056505136,-1.5484759996628437,-0.8590413462749127,0.46207108858743745,1.2162609218580203,-1.2016570486361344,-0.12046661026123782,1.24034898729442,-0.512893440824628,-1.624323204007641,0.3531705870226498,0.562842127577709,0.5386871624935313,-0.5437433879008369,-0.6160669621865439,-0.23663274891675848,-0.27695759864123676,-0.5847599280363308,0.30225947256881536,-0.9478748422284156,-0.42357107048452913,-0.42068896792619537,-0.4035400881968031,-0.3655467371896153,-0.5037966702773532,-0.782638247792068,0.998159615108321,-0.2097599001404396,0.04167793428928284,1.3255832799450353,0.9231397526142522,0.08172886806971101,-0.35656930704377027,-0.7979286089062295,0.6131649852217945,-0.24538694707933295,-0.35637032562050647,-0.04179383795285729,0.48637974307967113,-0.07828894977633125,-0.43448902405918305,-1.259878234356322,1.3066222440494104,-1.3135963841720821,-1.0214409992495719,1.2888926067465358,-1.1834461834793348,-0.48382918546339637,-0.8087720250584617,0.6159203933260128,-0.0152731488738098,-0.7369779280377609,-0.2488275653511947,4.250296624819793,-1.7741444443820094,-1.0214409992495719,-0.5919296913809896,-0.8999906224241795,-1.0455319033216501,-0.4679179711176652,-1.259878234356322,0.21519188251272847,-0.8780958614014311,-0.654793973037728,-0.5648736602992128,-0.7796957843153216,-0.674956177872788,5.185044852658528e-16,-0.3816699199940523,-0.6249561854599859,0.5390436347921932,0.4193823930798687,-0.3902778132375237,-1.0366634166724233e-15,0.6846536366274972,0.6594209770307676,-0.4589285844209905,-1.4117610608725544,-0.9986452163314201,-0.5857943012132794,-0.32537791462318355,-0.32012386530094195,0.36360953311968486
Belgium,Europe,-0.1079136782304982,-0.013415156127809854,-0.3146123826901146,-0.45410496677184314,-0.31386504964464307,0.0690377238582304,-0.13514684494410223,-0.22432884618010165,-0.2859554981955775,0.7811005239179474,-0.859841022452351,-0.9344232250397712,1.1887465219862923,-0.8452574554693467,-0.4389663243365985,0.9861487468782636,0.20880281587410418,-0.17306902491785134,-0.30711343266979035,-0.3847765446382367,0.533920038423287,0.646572095087391,0.10135915249575903,-0.2166464506101707,-0.17477094478389213,1.5601335479174814,-0.5503789406487575,-0.07670972142633216,-0.35332691609505684,-0.27927892438546414,-0.31549957799790984,-0.5126262715090425,1.2055594145949593,0.05366449543593197,0.24181927352435148,3.3216301581588707,0.682300351019666,1.2435276911645838,-0.27967284348074495,0.8278176687657752,-0.7654302437892341,-0.4806173397351314,-0.22445333582269683,-0.33112102543469085,0.5767549637494306,0.5471772109646268,0.6130172482486517,0.6047261681886011,0.7797528622261898,-0.4724863391066121,1.3121513719545763,0.9304738684914123,-0.9897804659394163,0.0668777941523939,-0.05801785293760533,0.6099677837315165,0.9986338148584846,0.8011979871840784,-0.9643203431235455,-0.9144404757762142,-0.6972181334823851,1.6287227686129933,0.9304738684914123,0.6144504918355825,0.8496056972259688,0.8359753474567512,1.262383394946846,0.7797528622261898,0.21519188251272847,0.9373181716564345,0.5001485448752935,-0.4269874481474865,0.6916188152570577,0.5259261825430516,-0.3503389671477092,0.14602043766457862,1.1608004257854447,1.0416457672003872,0.04994628400210653,-0.03579371264791532,0.5910046432104925,1.236759977412737,-0.21887083567317225,0.7253157144269916,0.8260797049009326,0.797987849322216,-0.8373086778068143,-0.3199053069126419,-0.31127802556498935,1.5363389142710926
Brazil,America,3.7300508577060305,4.600784009459402,0.43181351165458576,3.123378048634948,0.4403276532193246,-0.24915726691907997,-0.1597928627595598,0.5583020214484534,-1.525095990376413,-0.7271012980674035,0.014953756912214922,-0.8700314841146876,0.6699780875107874,0.362727286544168,-0.39231867679129234,-0.13813289389890465,1.1723690570939957,0.5315568961550231,1.3706580049503871,1.4005866224831816,-0.0782342351050736,-0.2134549096181861,0.35869376484762705,-1.139879121376185,0.030223546842327257,0.8362626177640038,0.00611532156276395,-0.07670972142633216,0.4213366799630322,-0.5539979498214834,-0.3358228430006238,0.5734146799887502,0.2723237771479876,-0.8908306242364573,1.7367020553112424,-0.15153103261467624,-0.415064645382435,-1.2554982295280033,0.21897002435469443,-0.516901168397901,1.8154815859188211,1.5310627152107728,0.08107937161529616,0.3902480220658163,-0.5516786609777162,0.5471772109646268,-0.8592089142119586,-1.0153823792802743,-1.0375700272732307,-2.5602402764640853,-1.528582090754789,-0.11741106411809006,0.9462204454335253,1.5396431305953495,0.5040714599331856,0.4966540215482547,-0.3596236223449925,-0.6090703387340929,0.08935049086685663,0.4563437350990844,0.9425655520232056,-1.3138532271652938,-0.11741106411809006,-0.36283511843510025,-0.22280285772809263,-0.3403324516302121,-0.28498713827266897,-1.0375700272732307,0.21519188251272847,-0.6865402299592929,-0.8991438396031836,0.5928669913264506,-0.42596572338937,0.046003772868794326,1.2017928999450704,-0.201610293551745,0.8082558702478312,-1.2096330843181904,-0.8054763503062456,-0.2843973955818401,-1.24846984574112,-1.4134101753257562,0.07804118854607062,-0.4700151267931836,-0.8457455782971182,-0.6749299058335863,-0.32922712414326766,0.4735333545927385,0.4079981031733195,0.8471452516304406
Bulgaria,Europe,-0.3692387787603039,-0.35959795322049193,-0.3312746352815499,-0.4201761206684103,-0.3304233719915723,-0.21277922967560306,-0.23021005651800977,-0.4655983093468712,0.06474464110088543,-0.806977874506981,-0.004486127073664425,-0.23899242304886822,0.1817254432985471,-0.3879489459928018,0.8360693752351006,-0.06786529135033226,0.16179958459508484,-0.1373917630913768,0.25214371320360207,0.35399442106717777,-0.5360511138784548,-0.6109066758140604,-0.22209855629532885,-0.24306009208363027,-0.9947489112887695,0.1361251607303125,-1.1863723831762105,-0.5970017450136279,-0.8417017918708092,-0.803131397921922,-0.34244804833190506,-0.08880541238795267,0.3128992396456819,0.9122964224108313,-0.9260578997466576,-0.3723412805049149,0.5771887613259783,-0.47741323590576923,0.34248706501118026,-0.6410290610591634,-0.5839810385526761,0.20643185935841507,-0.2601594954912066,-0.33430312901975257,-0.200610422173715,0.3039873394247869,-1.012832513773066,0.042961017038914466,-0.7005582578800406,-0.12625981483400192,-1.285418645930659,-0.8968606909761228,-0.5812842736397256,-1.145645691132329,0.5935469015738418,0.6586411952147814,0.6534413170056673,0.6230588302259935,-0.764204564574981,-0.7923254456982389,-0.40054224574292113,0.06702042448485196,-0.8968606909761228,-0.8203321357077074,-0.9116662735396293,-0.8845942691182102,-0.7788617123594773,-0.7005582578800406,0.21519188251272847,-0.8055724454380567,0.382055469196511,-0.581641705329475,-0.7591278479743957,-0.663307669587936,-0.5397019597925227,0.5680203695183353,0.2531014973327314,0.5556053976352252,-0.057847499829962616,-0.3797905899042066,-0.1653275070691054,0.546369362314333,-0.232726058695007,-0.6605020820972419,-0.9370675651024192,-0.8314196809062129,-0.327052104027811,-0.3368274594727086,-0.3274314916740521,0.1586613661912725
Canada,America,-0.19770957617011378,-0.14101413214174796,-0.21754598047984847,3.742685947184427,-0.2178275423861526,-0.26811356424198357,-0.09289652868903216,0.427743350542388,-0.4262355539141626,0.9201802982264783,-0.6460022986076793,-0.11020894119870109,0.42585176540466646,-0.7676012934827636,-0.7033029937599995,1.0486088380325518,-0.07321657180001068,0.9507647226161007,-0.244973749794969,-0.26164805035400096,0.5076788553147722,0.7571689910408075,-0.35162893804260664,-1.0518488300517068,0.09855504405106703,0.6048612548460884,0.00611532156276395,-0.42357107048452913,-0.5385725586306871,2.347561337221057,-0.233132160365765,-0.4066710567287701,1.1244084895995707,-0.37565146805151767,-0.24090329142766698,0.20728562020696167,-5.974902120083687e-16,0.17251658229633232,-1.8259232042915579,1.003665516702564,-0.535233490877183,0.3768200607336147,0.0862602653711192,0.966347123291768,1.6466772153425773,0.5471772109646268,0.677027081399113,0.7723496407090719,1.4145455409390841,-0.051897074054896256,0.3008836550679583,0.686014395652946,-1.0981965169763008,0.06397006397185558,-1.08492061392114,-0.18451620793976362,0.7359873491009058,0.9793371441421633,-0.8132125103419764,-1.0262359258475997,-0.7204600233052925,1.8424294051778967,0.686014395652946,0.6282930642190199,0.6972384501693494,1.006179087871905,0.6169044097073133,1.4145455409390841,0.21519188251272847,1.0965525095750772,-0.2906117755821943,0.5313234055391267,0.3884865674938519,0.494613009852572,-0.39208214154451965,-0.5726373739185129,1.255533499584743,-0.6010065381870102,-0.3023067047756177,-0.10728181992314427,0.9831768692813952,-0.5776638455984677,-0.3378438106486809,0.7757090888460518,0.9843108701576443,0.9092731700500151,-0.45509250985028166,-0.21934914138811634,-0.218110581475882,0.5538298231173103
Chile,America,-0.12991598431544576,-0.07170982105453158,-0.2865775035866879,-0.14819388266204175,-0.28860827158968144,-0.24978914349651007,-0.10345910775279955,-0.3516369606409553,-0.09891542390413062,-0.4949105648060231,-0.2377647349042153,0.4306816825720004,-0.2149798301238989,-0.12046661026123782,-0.17462965491319757,0.19759009605538863,-0.1437214187185393,0.058833176954234095,-0.12069438404532622,-0.1385195560697652,-0.4388304359201824,-0.5014508212130288,-0.1775983798368424,-0.31830860977554937,0.030223546842327257,1.061730612401972,-0.07338385875316758,-0.07670972142633216,0.18556949855404872,-0.6534883636009226,-0.3693069888641262,-0.16827182347315703,0.06944646465951505,3.813091740023197e-16,-0.4121919435074141,-0.19293295409409628,1.0607020739169422,-0.7886472333546627,0.3516364754301787,-0.24795740096516591,-0.33211870889596146,-0.43664619099314456,-0.23201464022308718,-0.32973750213683795,-0.35106823880400123,0.36478480730975116,0.677027081399113,-0.007376362096362066,-0.33141454595047065,-0.7115665487082531,-0.5611464111326064,-0.2575051466293648,-0.27152412782005503,-0.01453865090269473,0.8023229320687072,0.9764347918832935,-0.05195204817182917,0.16286600808427446,-0.22103316565744796,-0.4173807054588224,-0.3426653828505832,-0.08093032390623521,-0.2575051466293648,-0.3690642760076471,-0.31562428409591853,-0.2652282223352734,-0.20570421917494314,-0.33141454595047065,0.21519188251272847,-0.5961948799657256,-0.6714716827443039,-0.3778171399511737,-0.7539168803637807,-0.5828498520659773,0.10346718374091117,-0.4550543282190948,0.6124096429091197,-0.6967444826790965,-0.2048463249565855,-0.39094828225233225,-0.1840023749772426,-0.8230816961792178,-0.2061102967614723,0.33048362585363095,0.4040545827091035,0.41157784075660286,0.18576999605905278,-0.2912384967565671,-0.2853110851478201,0.9169991578764592
China,Asia,-0.4225511676632139,-0.38638809221102893,5.004498304921681,3.5805042583084234,5.015322743489249,-0.13623189572406855,0.18173052696892256,6.133829656717919,0.976565003271689,-0.7470146259552839,0.7925491163473845,1.4995845819283884,-1.5983623220585796,1.3808858548127019,-0.019137496428844,-1.238992000493216,-0.6607569627877494,1.1559089781183296,1.1842389563259228,1.215893881056828,5.4845571342610535,5.093645450205382,5.912320389936449,4.772586818651937,-0.2431024419926319,-0.949681234499904,1.4371005672495334,-0.42357107048452913,-0.2522838383483499,-0.4462777802748669,-0.10250817957739623,0.20257142825779648,-0.8637891727874569,-1.234283395026417,0.25739096916796406,-0.45514512346375496,-0.9196002759121364,-0.06548588634105706,-1.3089815156181206,-0.9720367748225303,2.0592193242962873,-0.5135957012916217,6.915728416712527,6.646955431946031,-0.33435070362285835,-0.9727594861593509,-1.038436447033251,-1.1462595650319933,-0.08631507730087762,0.375888585265765,-0.4275630594695649,-0.508076106288793,2.171709022332597,1.173269127847447,1.779211215417208,-0.32899125472342267,-1.6953685053406766,-1.5591458425105444,2.799762158147076,2.458342256377437,0.6245618124462502,-1.1823414508176608,-0.508076106288793,-0.14481460339596056,-0.38684575590016207,-0.04332936305477218,-0.7742207609976592,-0.08631507730087762,0.21519188251272847,-0.9027601927558446,-1.371987679848489,6.200649078580648,2.0108847293522985,4.425361110704074,-0.13291042197460698,0.2097257642582848,-0.9384096749484501,-0.9786137216777516,1.7031008206917964,6.4816577530573,-0.19333980893131275,-1.1783938901608113,-0.33868635058743746,-0.5526602608404477,-0.27814778406911683,-0.42751942861767567,0.14675017844739202,4.996476766620513,4.944869891110161,-0.8296442387746259
Colombia,America,0.3907530213428577,0.5822913907408012,-0.16919735144002013,0.014399300035530724,-0.1704015187580463,-0.23182579508099668,-0.15275114338371473,-0.3211724985181038,0.08812465038731632,-0.8445386291848127,0.3259919006862827,0.5852218607922014,-0.6320289637218538,0.2160434250139556,-1.1542302533646245,0.3849703695182506,0.7258383599433141,0.7099432052873964,0.06572466457913793,0.10773743249870628,-0.5217913523493047,-0.5525526507542836,-0.34867146575146857,-0.5332761827098373,0.09855504405106703,0.28445936772897595,0.4036112231424221,0.09672095310276616,0.7244659132031542,-0.7905015747148678,6.008169380908235,0.7588363058542267,-0.17400631032665143,3.813091740023197e-16,1.3941247511517458,-0.18373252709866952,-0.3898378638559499,-0.5231829414129595,-0.27967284348074495,-0.6824050252795845,1.3957110364909633,1.1792935252748766,-0.2309644590563663,0.005075135943566213,-0.80244168869486,-1.3983417613540663,-1.2176639798545417,-0.5313884788945906,-1.2150429657009085,-1.0465986818958366,-0.05812160252646533,-0.9927640226281365,1.4244126705426416,1.1587304769447533,0.6293370782301045,0.7691221133434619,-0.1795231886826529,-0.4012413222829938,-0.10123596489368147,0.18631472492666049,1.480501370591045,-1.478242947599835,-0.9927640226281365,-0.6971332414951142,-0.9239257072108515,-0.968964604624862,-0.9563781019490192,-1.2150429657009085,-0.1414039712368496,-0.8744432384369848,-0.5359845214717643,-0.194853285540746,-0.7739083268271559,-0.5927068001852058,0.3337234859529401,-0.656139565725611,-0.09868628866905925,-1.1251352238824084,-0.6995005477433153,-0.39020173740868797,-0.9403345252568406,-1.0942205496071387,0.27272185362321133,-0.33445694960590483,-0.32132228773202,-0.31650190679002344,1.4337909185703166,-0.16771835058491202,-0.17447878283958457,0.5003599406055401
Croatia,Europe,-0.3714114470320369,-0.4456425724440502,-0.34220880567196127,-0.44311521477079835,-0.3414622535561918,-0.2041134937565614,-0.2830229518368472,-0.46576285688622127,-0.26257548890914656,-0.5869146999521271,-0.19888496693245686,-0.3677759048990354,0.39533597514140173,-0.15498046003305258,0.43178976317578166,-0.0756728027446177,1.0078577476174286,-0.3336167031369877,-1.3634880415417538,-1.3698044989121227,-0.5718371605644801,-0.63667153583826,-0.2841824590606597,-0.20820622954163995,-0.85808591687129,-0.7479467129817219,-0.8683756619124839,-0.5970017450136279,-0.7574992270818864,-0.6096913960280735,-0.3587424722547859,-0.477307866582285,0.06944646465951505,0.13952768813342198,-0.7080541607360706,-0.22513444857808956,0.446850390105805,-0.41333564819570295,-0.8240627634111795,0.03650235305022723,-0.3889908478507035,0.16246071061642786,-0.2780825874032428,-0.35450256916840506,-0.40122084434743,0.3039873394247869,0.39538381553708285,0.8591816197174236,-0.352711298561792,0.8636441968276417,-0.08943020057249185,-0.35575905013559467,-0.22506010594710438,-1.0685908413480483,-0.7729036892255172,0.7866342402263296,-0.884916553860149,-0.8540116795514592,0.8135790227568999,0.8381681953428938,-0.291442080574215,-0.2124421002538679,-0.35575905013559467,-0.7386609586454265,-0.5287049169528768,-0.4251904769374807,-0.47062519274539244,-0.352711298561792,0.21519188251272847,-0.4809995216476377,0.17626957996543155,-0.5702404960033203,-0.6852012465048927,-0.6771077665006442,-0.5606803496424363,0.6038569407285005,-0.27558614244936125,-0.0010498616583675987,-0.21246085512028923,-0.3877982643237285,0.2735318887721428,0.027006409388398385,-0.44297080254618937,-0.03058490185895392,-0.1459117388188636,-0.09646047716914213,-0.32317920132406464,-0.3487244140972589,-0.3382587319180257,-0.9061227322344922
Cyprus,Europe,-0.4694559230552145,-0.5179674787599151,-0.35417721089300186,-0.4630756164045536,-0.35293186496086726,-0.1564519462018324,-0.0330419139943496,-0.48305816955112296,-0.23919547962271576,-0.08991280818936753,-0.5488028786782831,-2.42831161450171,2.2161114608495494,-0.5950320446236901,-1.1386810375161895,1.1110689291868385,0.6788351286642952,0.6921045743741588,-2.047024553164789,-2.0470112174754194,-0.6055750026491831,-0.6923558167081624,-0.24392861441318475,-0.25477924795576296,0.030223546842327257,-0.2792106188659451,-0.2323822193850309,-0.7704324195427266,-0.4038484549684106,-0.764793773283735,-0.3581157636423674,-0.4508190628872169,-0.09285538533126249,-0.37565146805151767,-0.5211938130127087,-0.28033701055064875,0.009586176980064094,-0.5964144702244639,-1.2083380010091325,0.13477026807372697,-0.6706433455313308,-0.694976689852318,-0.28557387972585174,-0.3667467503544033,-0.45973221748143017,0.5471772109646268,0.677027081399113,0.7587585483425467,0.9628302092357945,0.49103089356889734,-1.264546247233309,-0.07039962703376962,-1.328580625429681,-2.2505831597371126,0.21040847198436424,0.5030923034904855,0.3082488191528501,0.22224572707030277,-0.5232488312205863,-0.47241846549396616,-0.741332151812923,2.072575013786254,-0.07039962703376962,-0.5870847910467867,-0.282932460972659,-0.22279920968163888,0.3229774901255007,0.9628302092357945,0.21519188251272847,0.24615378331465818,-0.9081975416421824,-0.5868386328266652,-0.7050585116352339,-0.6418367718214084,-0.7998898279192407,-0.9620951527727434,-0.317900112065556,0.7396596681962666,-0.45215914666955104,-0.396901645499293,0.5349800394860769,0.9455593699039319,-0.5773512597615544,0.44664035388957085,0.6784726321685993,0.5977456850522063,-0.12167547546481089,-0.3610493390284938,-0.34863623416962564,-0.30464570207719854
Czechia,Europe,-0.12433034261769842,-0.24890866451459562,-0.3176255470395716,-0.4337242174535547,-0.31695639389495606,-0.1476056741178107,-0.15627200307163702,-0.3846890367761135,0.41544478039734833,-0.2979861832239424,-0.5099231107065246,1.074599091822836,-0.5811693132830787,-0.7330874437109488,2.017809779716188,-0.34893570154462406,-0.8252682722643163,0.11234906969394558,-0.6799515299187187,-0.692597780348826,-0.14723744264990382,-0.20334645353488057,0.05085197006071973,-0.2204870548014266,-0.516428430827591,0.08272484621079333,-0.7093773012806207,-0.5970017450136279,-0.6396156363773944,-0.6796850614142639,-0.3672478034233226,-0.6009222838259363,-0.09285538533126249,0.6547068443183617,-0.42776363915102666,0.027877293796142396,0.2996941645346421,-0.40418170709426476,0.3379123598016798,0.6312818387187765,-0.7220990902999068,0.17345349780192476,-0.22228296141147372,-0.2826285338449464,0.30927440085114394,0.5471772109646268,0.5618093817282819,0.7278010601743519,0.22678454880942536,0.6733395483821877,0.8080829434135686,-0.6744965935672873,-0.2657161250859363,-0.5553764644829313,-0.41959040684959176,0.35655700648531224,-0.23955666657009944,-0.17114491121213396,-0.03453070537749296,-0.08371428524576341,-0.5087309642519053,0.46155575352775075,-0.6744965935672873,-0.41059199315795936,-0.6022615189802102,-0.62368022578839,-0.8395808260099307,0.22678454880942536,0.21519188251272847,-0.2717421746039981,0.15480943049423085,-0.5284092828635533,-0.5133117727127843,-0.4881852263496065,-0.43285957559450483,0.18714258271792616,-0.09663939290063119,0.9559068252550202,0.7146008305603009,-0.08684116501385254,0.8244404920622204,0.9001019391618577,-0.1458880179244487,0.24657865744589136,0.12534168733549572,0.18443081365182262,-0.7787175130010501,-0.322931768277883,-0.3142550208520557,0.09986815466837448
Denmark,Europe,-0.4117353896290496,-0.4936051078970769,-0.33573970521331137,-0.4488799227854644,-0.33557307122976326,-0.1497721080975711,-0.07529223024941967,-0.3156907487234374,-0.26257548890914656,1.392537546601279,-0.7626416025229548,-0.8442747877446543,1.0565114308454775,-0.7417159061539025,-0.7499506413053056,1.0486088380325518,-0.33173434383461564,0.7188625207440152,-0.49353248129425453,-0.5079050389224724,-0.33966799095925176,-0.4051608283702821,-0.08390289581175925,0.17266633630267092,-0.2431024419926319,0.9549299833629344,-0.4708797603328258,-0.25014039595543086,-0.45436999384176435,-0.6114840160961716,-0.32946622707466483,-0.5126262715090425,1.2867103395903485,0.5688436516208716,-0.30319007400211945,1.283735578671876,1.1405868820841445,1.1886040445559554,0.2967400129161858,1.4070811678516668,-0.7383482728584045,-0.9313216143404979,-0.26639057041375047,-0.3210213053603646,-0.06687014072457166,0.5471772109646268,0.6258192148787433,1.2188421936389742,1.0689403450536061,1.3969769720928407,0.95001525455555,1.2905814765573067,-0.7497163529291717,-1.0729524366188563,-1.111074973785332,0.32874362849487526,0.16566930917016437,-0.0152731488738098,-0.41570361689856866,-0.2471076353500962,-0.6270367406838022,1.086236691179007,1.2905814765573067,0.9868156889500496,1.233150836368494,0.7418512159377698,1.984438077656377,1.0689403450536061,0.21519188251272847,1.7851986790244094,0.6522123917561468,0.0,0.06748105290585059,-0.035107360451760924,-0.5143730042874634,1.314458277817985,1.0675688309855373,0.1636120583168649,0.3312932651693806,-0.3035272906902814,0.7497410204296674,-0.021522221735227026,-0.4389771889257026,0.5237422167507366,0.8260797049009326,0.7027704626032463,-0.6021604682770771,-0.34269999887819874,-0.3316898847814815,0.9327917006094717
Egypt,Africa,-0.40452954596722857,-0.32481876329810877,0.017970577694897183,-0.04452020670282611,0.014419700310912923,-0.18326156670136745,0.040896139452022646,-0.30701249961742505,0.34530475253805576,-0.9682273771677874,1.1813467960649693,0.8814238690475854,-1.3135482796014397,1.242830455725443,0.1985515254492513,-1.2233769777046446,0.9608545163384097,-2.4028978890725177,0.43856276182806625,0.5386871624935313,-0.5463525474140382,-0.5041973662631599,-0.5990669505097325,-0.5008511607631077,0.9185330105559445,-1.6913522694932213,0.4036112231424221,2.698181071039244,2.4085172089816096,-0.6444437805300646,-0.1429756499792761,0.8471323181711204,-0.8232137102897626,-1.8353257439088466,0.1795324909498968,-0.9013658327419454,-1.4115225156785953,-0.8710327032676052,-0.4946839883272191,-1.716804130790105,-0.44315478971236255,-1.717305898103515,-0.14849023142988696,-0.1243534685705735,-0.7606478507420027,0.5471772109646268,0.26736414923616025,-1.1246144920038244,-1.52291181046808,-1.140151807392131,-2.360347178844196,-1.5611322969775705,-0.2734601287314279,1.8958400777113658,1.7755404280678477,0.6210416286721536,2.0192029389450745,2.1520865941162213,-1.4067531868533654,-1.5938128262100193,0.15407304669782823,-0.8700009819920328,-1.5611322969775705,-1.0888780399463933,-1.4499137899618637,-1.4444621602259355,-1.2042822538594689,-1.52291181046808,0.21519188251272847,-1.0675377982955172,1.502260552921516,-0.45076219397709305,-0.632557039719116,-0.5510953635820521,3.9537998886534838,-0.6720997812215386,-0.8831951967607893,-1.1034436040661173,-1.9480109313959983,-0.39673194513687554,-1.9394399583422344,-0.7429416358021658,5.938070380618963,-1.777471226095776,-1.377176249037872,-1.6021092090095859,-0.3261509957246691,0.013416207336320226,0.009763809409399372,-1.7319485061607525
Estonia,Europe,-0.46765461458631213,-0.515963158561466,-0.35249837155456926,-0.447907684309503,-0.3524363350563781,-0.24383145005216897,-0.45554507654504933,-0.4813360637151089,-0.30933550748200833,-0.31934835772580267,-0.33496415483361147,-0.26474911941890206,0.3851640450536473,-0.6209174319525511,0.7738725118413594,0.1819750732668166,-0.049714956160501006,0.47804100341531097,1.4327976878252084,1.4005866224831816,-0.57096264624032,-0.6588742988200791,-0.2108210354964365,-0.2385515567286777,-0.7897544196625501,-0.24361040918626622,-1.2658715634921422,-0.42357107048452913,-0.4712105067995492,-0.7623085500075083,-0.2972354984359995,-0.5391150752041106,-0.49861001030820684,0.3112540735284016,-0.6457673781616159,0.4234956545994873,0.6570735694931806,0.2091323467020844,1.229979875654072,0.9984935211750118,-0.8033450030923954,1.1737971316821285,-0.2761922613031453,-0.35035199927484634,0.5516786609777162,0.5471772109646268,0.3569779156468064,0.8707592169185374,-0.062402934017990484,1.2474518911714128,0.5169129815855323,-0.285241894509114,-0.2966921396679034,-1.3215633670549327,-1.4900837676067795,-0.17807792599753283,-0.284581774985684,-0.6610275928468672,0.009031913082058089,0.5337405851485051,-0.4779240671533066,0.3300439771801177,-0.285241894509114,-0.4694229257875684,-0.3745863222289397,-0.5797881437329064,-0.11365868383221786,-0.062402934017990484,0.21519188251272847,-0.2999978947298709,0.4758923833673088,-0.5954499496418199,-0.7940197090878867,-0.6757048577627381,-0.26545594082286844,0.4068124864139821,-0.42117623956913935,0.8402750290300652,0.41469340315908326,-0.3781174934127597,0.49763030366980143,0.8868727871497423,0.07148911089893245,0.397758780703079,-0.39456071279369725,-0.031593632466838314,0.27832381920921495,-0.360182891883176,-0.3484227212159344,-0.19338812574463193
Finland,Europe,-0.45987679145806243,-0.5073812805286703,-0.336817350726534,-0.32428541186715093,-0.33637735438243405,-0.25529549652840117,-0.13866770463202452,-0.3568858489358916,-0.5898956189191785,0.8699456984138983,-0.5099231107065246,-0.34201920852900203,0.5275710662822166,-0.5864035821807363,-0.31457259754911554,0.6894633138953998,0.3498125097111614,0.3977671643057431,-0.7420912127935401,-0.754162027490944,-0.4461890136872927,-0.4952409230837043,-0.22657504159203204,-0.2608968902050757,-0.3114339392013717,0.7472620935648057,-0.5503789406487575,-0.07670972142633216,-0.4712105067995492,-0.7160263591584325,-0.3434328761514198,-0.618581486289315,0.8403802521157091,0.05366449543593197,-0.19418820449682483,2.337184469648224,1.1111556369699118,1.6096853352221059,0.6261187880001455,1.2208893288597735,-0.7681384408823171,2.295061424602796,-0.2567289036799184,-0.3147262743551339,1.0866397867742896,0.5471772109646268,0.6002152816185602,1.1687565013993746,1.6745900991404812,1.117117194967174,0.8873980584634985,0.8223475631974755,-0.865876407611548,-0.12794012794371218,-1.688765132890904,-0.4029027314202323,-0.562236610215124,-0.17856737608538797,0.3343902197018334,-0.07511463524027209,-0.6988587374698846,1.6451617406564472,0.8223475631974755,0.42826789327834897,0.7048276233943919,0.6262687331916624,1.0338165403773052,1.6745900991404812,0.21519188251272847,0.9911192677447996,1.0593861557980426,-0.4450767726792881,-0.47757061126463274,-0.38202717796772634,-0.46447324666661355,-0.19398268259593712,0.7028243063252619,-0.39912207569994096,-0.0803475883326787,-0.35118611429888474,1.1232383785924318,-0.42683320418620907,-0.5273753867870711,0.8764958376841794,0.7582663483623427,0.8319090433408505,-0.3829508173229787,-0.34351944479057817,-0.33283373714318204,0.7889435211087794
France,Europe,0.9707072718461491,1.1146501273936429,-0.10684333596960167,-0.23445664790863768,-0.109741034911584,-0.16457607362593393,-0.15627200307163702,0.9422591506781479,-0.33271551676843913,0.5923419368585922,-0.6654421825935586,-1.2821386260352223,1.3616693334781278,-0.7158305188250416,-0.5478108352756459,0.9236886557239766,0.5613270504667475,0.023155915127758924,-0.6178118470438974,-0.6310335332067082,0.7952732469055028,1.333544818531776,-1.0147816840403305,-0.31982663514758725,-0.3114339392013717,0.46839378440731827,-0.3118813997009625,0.27015162763186484,-0.1849217865172113,2.3267424996120094,-0.05371443761052783,-0.5214558727407319,1.5707385770742093,0.225390880830912,0.36639283867325867,0.2624881821795215,0.07685759438402405,0.1267468767891421,-0.878959225925173,0.8071296866555653,-0.11275474435624215,-0.029913065129764948,-0.07749798455955584,0.026796451719856895,0.2591217953077152,0.5471772109646268,0.4977995485778206,0.5979306220053385,0.6403899021556138,-0.40452039323323585,1.2808427739085513,0.9083784930617819,-0.0953480448851173,0.0014538650902691632,-0.46042791611122474,0.5777763740203625,-1.1175462806740042,-0.8688566092979663,1.2287852299495001,0.8639671453593671,-0.4313491428415198,0.16565425674557674,0.9083784930617819,0.2815366260139121,0.7013249280597568,1.0198344022891668,0.8969084752036712,0.6403899021556138,0.21519188251272847,0.8288843933991562,1.1348187511971968,0.24667349010231757,2.829666753211841,2.0110363214506237,-0.5789068667536328,-0.18503523957905627,1.5550381587184525,-0.6158905497555723,-0.21396891731345835,0.7524660846610577,0.6657041148430455,-0.6393338618767529,-0.46480277900539435,1.1788560841985583,0.9164975136190513,1.0622160974673651,0.5989620724037232,-0.091695954434473,-0.11196522423208902,0.4846265459726524
Germany,Europe,0.3366674235237094,0.10018180835893505,-0.04698412584591855,-0.3163017571486753,-0.04443019349991598,-0.059052685195103906,-0.14570942400786963,1.5034161587547432,-0.23919547962271576,0.848003985266446,-0.8792809064382303,0.1344796743166163,0.35464825479038253,-0.8280005305834393,0.540634274114829,0.48646801764396697,-0.7547634253457876,0.3977671643057431,-0.12069438404532622,-0.1385195560697652,3.2458321080216033,3.1625646199118482,3.033042745562102,4.003965032027984,-0.4480969336188512,0.2191923166495635,-0.7888764815965523,-0.7704324195427266,-1.026947434406439,4.0465577481261255,0.5693234529352285,-0.5214558727407319,1.4895876520788207,0.998159615108321,0.31967775174241875,-0.27113658355522263,-0.09972987630137159,1.1519882801502035,-0.23392579138575045,0.9571175569545903,-0.5514826734356807,0.07451841313245423,0.21417233147772163,-0.02093510205606849,0.2591217953077152,0.5471772109646268,0.5874133149884668,1.3401552773549912,2.044854692786436,0.525413666187193,1.084642226153458,0.4669410988400129,-0.8929804203707692,-0.763279172391463,-1.0615193445689683,0.167271517383727,-0.5547324254791934,-0.5571130846213179,0.3289448923943896,0.3909863950573508,-0.6860984842337785,1.5300889363522685,0.4669410988400129,0.3175273142108496,0.430449822181322,0.07127774009010202,0.49972038782140626,2.044854692786436,0.21519188251272847,1.0234386040203425,0.27602397442574106,0.8118942910935345,3.437698827651089,3.0746264519473616,-0.48812804919229436,1.3212991697426717,1.5283067069988026,-0.08584674330711961,0.2473402743707051,1.6609423753177526,0.9458271334651187,-0.32206853201466196,-0.35749419804449173,0.5993322783793341,0.7130574440032817,0.6759905725885317,-0.514221484660225,-0.032574475251538684,-0.04978000450781159,0.31197324171174784
Greece,Europe,-0.4027251885672685,-0.4178361584233137,-0.3173458196405962,-0.41134123026781594,-0.31489041537008594,-0.19355212810522943,-0.14923028369579192,-0.3789245265889177,-0.6834156560649021,-0.28723621637988866,-0.19888496693245686,-1.7715158570658576,1.5040763547066984,0.16427265035623356,-1.4030177069395904,0.5567356201925394,3.663540314882008,-0.529841643182598,-1.6741864559158608,-1.616061487480594,-0.5310945738109291,-0.542444194670978,-0.41769449611040355,-0.24272612650178194,-0.85808591687129,0.3793932602081202,-0.5503789406487575,-0.9438630940718249,-0.8417017918708092,-0.3385168693630664,-0.28783486924972207,-0.5302854739724213,0.1911728521525983,2.8871498544530994,-0.8637711171722052,-0.0963284706421164,1.872163546352212,-0.5597987058187115,-0.35744283204223565,-0.11865751277635084,0.14723217657972146,-0.00792749075877154,-0.24272648812364006,-0.341635802498373,-0.3176331684417154,0.5471772109646268,0.5746113483583752,0.29766815546341385,-0.4449972265441844,-0.13745420591902863,-1.2968984652142015,0.014220959718007025,-0.7245483410813233,-0.6106233379131704,0.08560170210611491,0.9213230984577979,-0.2620692207778921,-0.47546597101552884,-0.01547205980143959,0.27575108498376893,-0.535071772717867,0.5766285578319297,0.014220959718007025,-0.731047543834536,-0.2864351563072941,-0.17939481742677163,0.19032363036686697,-0.4449972265441844,0.21519188251272847,-0.11682776559744641,0.4954899969335835,-0.424817355032027,-0.36342183866233285,-0.5353766136483064,-0.7906957176213949,-0.3871709253539824,0.23116301984062107,-0.550097065331144,-1.1305129368302875,-0.3829549035725013,-0.11864033729875985,-0.5628422044092714,-0.4448004431289439,0.7253157144269916,0.7356618961828106,0.747998721294752,0.7680474273039033,-0.3222152816101294,-0.3137332756495484,0.39850691219263173
Hungary,Europe,-0.30556429276461883,-0.31889049228861166,-0.3209054469968832,-0.4277558705907146,-0.320371738467435,-0.17477636694730586,-0.3675235843469869,-0.4223751755627881,0.08812465038731632,-0.545529940276742,-0.19888496693245686,0.31477654890685014,-0.14377631950961353,-0.5777751197377827,0.8982662386288424,0.07266991374681475,-0.6842585784272589,-0.3068587567671313,-0.8663705785431829,-0.8772905217751796,-0.31459474474418775,-0.3798860309781965,-0.06313154372808508,-0.1861341406322088,-0.7897544196625501,-0.024075782828244175,-0.5503789406487575,-0.9438630940718249,-0.8248612789130244,-0.6615551539073636,-0.3597273000743007,-0.3890118542653913,-0.09285538533126249,0.3112540735284016,-0.2097599001404396,-0.008924414185563938,-0.52438069866387,-1.3104218761366315,-0.1332822767767625,0.19166221887680532,-0.6868925280898285,-0.4696245525496347,-0.26036953172455074,-0.33783111342927746,-0.25076302771714376,0.5471772109646268,0.39538381553708285,0.058565604570850305,-0.8455256265325436,0.01686847118169605,-1.3449049822181072,-0.6016288660865904,-0.16891607951728924,-0.39399743946302174,-0.28423012334193176,0.3866881659749524,0.7059706101571825,0.838310311550346,-0.7941538647659225,-0.9350796357893927,-0.21752375647077246,-0.3603928486449551,-0.6016288660865904,-0.5600917748990836,-0.6151047352072049,-0.7319473615252502,-0.6566499931649343,-0.8455256265325436,0.21519188251272847,-0.5154003397458411,-0.22857679580743087,-0.2742358891755353,-0.5190720602707843,-0.5229652887855925,-0.30213610783408174,0.33909322358661514,-0.23881950458206752,1.1949117732860177,0.4401232389707889,-0.21975313340510766,0.08678320969076057,1.1931837963591048,-0.16888970073550175,-0.4337318972114604,-0.6884185911275887,-0.5868300187718583,-0.6978067667919212,-0.3249331831395854,-0.3183838486237694,-0.054685830954696486
India,Asia,5.548523588890949,3.526722451848273,4.7525684922661515,0.9189752903877767,4.747214382781155,0.13484315599345287,0.22750170291191493,0.7624407680281597,1.1402250682767048,-1.0555429496647173,2.3088600672459654,0.03145288883648251,-1.2423447689871543,2.8736098574436877,0.07415779866176836,-2.636536540070391,-0.9427763504618641,-2.05504458626439,1.8677754679489582,1.7699721053358888,0.137782309729895,0.5880278964688834,-1.2991133002638326,-0.5869383796113774,0.23521803846854658,-2.308422570607661,0.9601054853539435,0.9638743257482588,1.44860797038789,1.290526617520995,-0.18362217998470406,2.8249629940695393,-1.1883928727690123,-1.9211889366063364,1.9391340986782168,-1.4257901714812626,-1.7857197749881237,-1.1548048774121846,-1.9677390657860412,-2.2288316880178125,1.9833898056899644,-0.42015701021489943,1.2773057325881536,1.231084306335922,-0.8358767590571458,-1.2159493576991907,-4.110908438255393,-0.880226516302057,0.24583953798797623,-0.42850837412972187,0.295665555393621,-1.4332611881082191,-0.3470281633635998,1.5381892655050804,1.2088626310103567,-1.0861332111297644,-1.0575128027865577,-0.7649421010724167,1.1130720246663164,0.6954140052517394,0.020546111048576305,-0.7220502336009456,-1.4332611881082191,-0.9684476602104879,-1.3179789323572815,-1.142582173644331,-1.288592870265831,0.24583953798797623,-1.5440143293185247,-1.112108314573893,-0.09347397744374626,1.1274190342462398,1.6448333704042741,0.46798168615358554,1.3536015346939616,-0.3280493958634049,-1.5924491030484675,-1.0079243152430606,0.448220163777371,-0.23808137534166507,-2.3689619202294128,-1.0251769275052152,-0.13681404600104088,-2.6699378870573827,-1.7056189392064458,-2.2098996416968006,0.7585706199844393,4.742792682310117,4.827133390398007,-2.270491957786493
Indonesia,Asia,-0.10192618741934305,0.011088364044778259,0.6546113157465063,0.33869648462156793,0.6488428252598566,-0.1402036913536293,0.00920840226072047,0.017340402163500378,0.48558480825664085,-0.973253212307429,1.7256635476695883,1.5253412782984213,-2.10695882644633,1.7605382023026637,-0.25237573415537434,-1.4654098309275068,-0.3787375751136348,0.08559112332408983,1.6192167364496726,1.6468436110516531,-0.1954450447692295,-0.2203999016956815,-0.08833335041132409,-0.514680371902373,0.23521803846854658,-1.0624152318188882,1.1986030263017386,0.9638743257482588,1.3812459185567516,-0.7107707230496907,-0.36026447888494506,1.3857379933041722,-1.9593266602252069,-2.350504900093786,0.2729626648115788,-0.8967656192442323,-1.8277644108655988,-0.4224895892971408,0.48430292650566287,-2.4357115091199164,2.603566940005961,1.0583728662344127,0.03515144859070327,0.9805282370947603,-0.7690066183325741,-2.9790759263629996,-2.8691176751364442,-1.8743897542237682,-1.58941745897361,-0.8858792098893825,-0.1614399760783499,-0.6796678516465625,1.7341728163623125,1.983071983127532,1.203356449986316,-1.077892210243709,0.1356525702264411,0.07379642960523267,-0.3884769803613491,-0.3331041354050083,1.15292744108701,-1.3960480873825645,-0.6796678516465625,-0.6299967654354426,-0.6944991627922635,-0.13794118437437064,-1.1373752050599246,-1.58941745897361,-0.22698697613674823,-1.0334229803133799,-0.3206561272470102,0.740785074222133,-0.549552229898768,-0.3695059420125596,0.7097221887632527,-0.35576963211597207,-1.813359929366249,-0.9629843037764781,0.7320883394765377,-0.33467902524793314,-1.481905694592848,-1.1309709880027772,0.15953774569185422,-1.8913602522828579,-1.444311472011076,-1.693363172006384,-0.9431189595176058,0.6783703545344802,0.6390504663599534,-1.0248921172827612
Ireland,Europe,-0.4322077421092321,-0.4602091812102431,-0.33911233903487775,-0.43754866464151904,-0.3392781102079436,-0.2093490425409824,-0.09641738837695446,-0.3261410025582631,5.512286804839276,1.7423651242842886,-0.8015213704947133,1.5768546710384888,-0.8252956353891995,-0.5346328075230143,-0.9831888790318359,0.9705337240896927,0.044291506397537074,0.1658649624336577,-0.6799515299187187,-0.692597780348826,-0.23909884368083992,-0.43491567594400643,0.412031835156674,0.19369098770539592,-0.3797654364101115,-0.4987452452239672,0.3241120428264906,0.27015162763186484,0.404496167005248,-0.5406755234063004,-0.3632189623434894,-0.5214558727407319,0.06944646465951505,-0.11806188995904805,-0.10075803063514498,1.0997270387633438,0.7747985499501109,-0.20279500286262778,-0.8286374686206786,0.5692178923881451,-0.7302236815791557,-1.1236953900866908,-0.26597049794706207,-0.3612818333278843,-0.10866397867742895,-0.729569614619511,-0.7183872812809444,0.7653024076301331,1.2467869107200789,-0.5732358588718525,-1.358472041371385,1.0066323965680117,-0.9781644604711787,-0.11485534213128765,-1.055554315126258,0.4817172074422793,1.1487175095771003,1.5360220096361783,-1.0419162572546217,-1.3272236760397917,-0.641619887239352,1.1848705234397319,1.0066323965680117,1.3757919729246413,1.2068806213587322,0.6623577784372825,1.2252557840523008,1.2467869107200789,0.21519188251272847,1.1249337425048218,0.3561666827559802,1.302395624798579,1.621148242705549,1.8151364205572478,-0.6440304345325119,0.10785804095264576,-0.11564094128974652,2.2872841553740613,2.605927359931318,-0.031281927679368944,1.0485389069598778,1.9248567003005632,-0.6203532625478844,0.7505124016365218,1.0973331310552952,0.9598574067444582,-1.4357819945865615,-0.34644980556253363,-0.33530600454215914,-0.5346726634580338
Israel,Asia,-0.26044682075865505,-0.4355080520040051,-0.3255927498553431,-0.4576701222587163,-0.32570821436193337,0.0753564896325316,-0.08585480931318706,-0.3168164439836122,-0.05215540533126886,0.6315415508210898,-0.7432017185370756,-1.0632067068899382,1.2294342423373128,-0.862514380355254,-0.9520904473349654,1.2516041342839845,-0.3552359594741251,0.7545397825704897,-0.05855470117050483,-0.07695530892764733,-0.4368541486152548,-0.4758541916446295,-0.2502348199211368,-0.03894640055941331,0.5085440273035058,1.2159981876805817,0.1651136821946272,2.00445837292285,1.4654484833456742,-0.025134288367387982,-0.33259977013675734,-0.5214558727407319,0.06944646465951505,0.5688436516208716,0.3819645343168713,-0.11472932463296989,0.2660584558326621,0.2823638755135888,0.5346246838101565,0.5071539460575145,-0.3944072420368694,-1.3105727722401357,-0.24461681422373768,-0.3454404915674685,-0.06687014072457166,0.5471772109646268,0.677027081399113,0.5382808277300357,0.9086542596105033,0.766892673878482,0.8800927189194266,1.0423610887520949,-0.23280410959259631,0.1046782864994004,0.5288492745413673,0.7606235811797174,-0.7798579675571176,-0.965348652650262,0.6420512125724162,1.0445597954746826,-0.44884891870817945,0.2314101449193929,1.0423610887520949,0.531395057534958,0.8887191284627257,0.8174431350333249,1.2240955462118464,0.9086542596105033,0.21519188251272847,0.5081507139018914,1.7283037961081127,-0.5093827076255872,-0.283288177871366,-0.41528005703878984,-0.5965574330716895,0.34026968642909305,-0.025367079217519937,-0.6888554027384661,-0.1891295289785611,-0.2707144925529028,0.6470292469349073,-0.8113854504658441,-0.642012471561931,0.9016925248937094,1.142542035414353,1.0562650107974139,2.6774524268359317,-0.33087547733396644,-0.32081784567566723,1.2036308510756182
Italy,Europe,0.6456058510233305,1.3012212850211025,-0.13172496077095686,-0.33961819445834235,-0.1311631738594989,-0.08956329707672968,-0.21260575807839727,0.5874031745358953,-0.4729955724870243,0.31483793195539633,-0.5682427626641623,-0.7670046986345538,0.8937605494413978,-0.646802819281412,0.47843741072108786,0.34593281254682107,0.9373529006989002,-0.9668881005569124,-1.4877674072913967,-1.4929329931963584,0.7165784644985168,0.7631082575673227,0.46534689011715186,0.19947466437286035,-0.6530914252450706,-0.15460988498706815,-0.6298781209646891,-0.7704324195427266,-0.9595853825753009,1.5137485573643805,-0.17860851108535614,-0.5567742776674893,0.6375029396272369,0.8264332297133413,-0.31876176964573427,-0.17453210010324277,0.1273111574369943,0.6027518140639205,1.3489222111010586,-0.1807214591069822,0.10660922018347713,0.0030652964267251647,-0.06552591925893789,-0.2606305134090851,-0.200610422173715,0.5471772109646268,0.6130172482486517,0.1516897559711123,0.06276219097837155,-0.48448032955485487,-0.0038533659133551707,1.322549253774645,0.06146802893609104,0.08432417523562799,0.06357697800995345,0.8015710543323049,-1.3501760074878595,-0.950503722903755,1.7583433105984232,1.0084412654516193,-0.35132412611794084,-0.06449135186278109,1.322549253774645,0.050365667210507004,0.875875912235731,1.23441791456042,1.0264683673877593,0.06276219097837155,0.21519188251272847,0.43127012162957357,0.6013724685883615,-0.2715024272474437,0.649825040732396,0.5347285976525518,-0.511390450305566,0.39378162959039736,0.5544404934608542,-0.6228154522865529,-0.3364561289736011,-0.05856719172862188,0.7030538506593219,-0.7980200213482878,-0.4211227007052973,1.0528726481509008,1.1877509397734138,1.152672614850401,-0.38211316980178633,-0.11839503103171875,-0.13406107549394697,-0.10898378686819828
Japan,Asia,-0.36911438237314886,-0.4471952148512994,0.11696930875929465,-0.30763593336944284,0.1285097431667922,0.04394319692600563,-0.2020431790146294,2.1090200115578805,-0.35609552605487005,0.5127503794250434,-0.7626416025229548,-0.3935326012690692,0.7106658078618079,-0.6295458943955047,0.38514211563047546,0.377162858123964,-1.0367828130199022,-0.10171450126490227,-1.052789627167647,-1.0004190160594153,1.2441723809259357,1.5031247751623096,0.2473570161442766,1.8125284247003404,-0.6530914252450706,1.2990653435998334,-0.4708797603328258,-0.7704324195427266,-1.0606284603220082,-0.012015568778125296,-0.35525080998559716,-0.6274110875210043,1.0432575646041813,-0.5473778534464977,-0.22533159578405218,-0.16533167310781602,-0.34779322797847473,-1.383653404948136,0.14577474100270352,1.2519213020250888,0.22847808937221006,2.042227319336371,0.5601020077955776,-0.29003038348845944,0.1588165842208577,0.5471772109646268,0.677027081399113,0.2767781431222745,1.2094241868405677,1.4161673568100288,1.2818863938434177,1.396827324367871,0.11761205536590617,1.6007054643866667,-0.4209669521056019,-0.5038549922744112,-1.7103768748125383,-1.5517233776372912,2.8433247766066274,2.429103446358767,-0.4413750560984602,0.19853220083248502,1.396827324367871,0.4704877390478331,1.0936268055388692,2.0137462159455644,-0.07227686752267322,1.2094241868405677,0.21519188251272847,0.9897257313800618,1.810784060076776,0.93194724311731,1.608096763550638,1.373089187220159,-0.6847815608048353,0.6702770305477537,1.402494525421443,-1.0411417267067564,0.0023847223714103362,0.7215186553988654,1.4033613972145051,-1.2212392724322514,-0.5918673496506731,1.5719244046672505,1.2533038510940526,1.4340995034716524,-0.8169542935953542,0.1496909097634267,0.10799850501919993,1.1562532228765827
Jordan,Asia,-0.3203552671118415,-0.4251759225303101,-0.31967529939669664,-0.42931836659761524,-0.3204479738373564,-0.17306127337999552,0.05145871851579004,-0.4723916871808336,-0.07553541461769975,-0.8975521643061738,-0.218324850918336,-0.2261140748638518,0.3037886043516075,-0.7762297559257172,-0.9676396631834004,1.1891440431296976,1.4073852134890912,-3.1699590183417232,1.3085183220755656,1.3390223753410637,-0.5894971718671738,-0.6462643290026994,-0.3246434418452571,-0.29661602720912766,2.763483435191919,0.717595252165073,2.073094009776986,3.0450424200974417,2.7453274681373006,0.4231429527526652,0.27324839846837745,0.6881994960007121,-0.052279922833568186,-0.2897882753540277,-0.7859126389541379,-0.9519681812167922,-0.9196002759121364,-0.825262997760415,2.634414374970403,-0.8117049134683995,-0.5596072647149296,-1.6623419621760314,-0.27129141585844785,-0.36660839802461803,-0.6687014072457167,-0.7903670825044753,0.4977995485778206,-0.47878591769822654,-1.041679926899977,-0.3629412263459943,0.5816174175473185,0.17170927395048055,-0.7961803748021221,1.7388226479622642,1.6310031761867876,0.9514542579474381,1.493910007429918,1.7735408855802914,-1.2025534128242177,-1.4372991961100794,-0.4061020703672244,0.0834593965283061,0.17170927395048055,-0.5711658328058336,-0.12005712791213474,0.07615463809626659,0.2510427440173203,-1.041679926899977,0.21519188251272847,-1.0468948643547458,1.4182094455924235,-0.5539182488792854,-0.8001904074022713,-0.6770853102471617,-0.12408733805819876,-1.9513007077956943,0.2626708631884054,-0.4814570270494918,-2.260764153724649,-0.39663228399431266,-1.229794977832982,0.2929983748307735,0.05050000255274904,-1.2521202977770454,-0.6594848923377901,-0.9589395660696036,3.0851701524308153,-0.3273470310387139,-0.3161883247422049,1.1096445199791547
Lebanon,Asia,-0.38931842892025176,-0.48629357365203046,-0.3318143892287165,-0.4625692597655121,-0.3342465757931308,0.2650097309440576,-0.018958475242659912,-0.46488784415891915,-0.2859554981955775,-0.7250539115407632,-0.37384392280536993,-1.2692602778502053,1.1989184520740481,-0.24126508446258932,-0.25237573415537434,0.34593281254682107,-0.09671818743952015,-2.340462680876187,-1.1149293100424684,-1.1235475103436512,-0.6013117453189025,-0.6418683940489609,-0.3857376846221137,-0.3696937686190325,3.5151299044880564,0.9608633516428807,1.5960989278813966,-0.25014039595543086,0.6571038613720163,-0.030797338127970354,0.5712035787724841,-0.009339001302748458,-0.49861001030820684,-0.4615146607490077,-2.234080333810189,-2.0468189936725594,-0.9868716933160965,-1.9511977532372948,-1.5880385333975873,0.2537261652074367,-0.6300203891350864,-0.9862855502679816,-0.27297170572520124,-0.36660839802461803,-0.6018312665211449,-0.06079746788496429,-1.7937524782086935,-0.7629404229168624,-0.6179866381063209,-0.8443000430021405,-0.21570821269146004,0.2859470660653792,0.36348417111026965,0.05088527815943001,1.6025545742292453,0.46137223650482984,0.6534413170056673,1.0609842577479518,-0.7614819009212586,-1.0761138958794487,0.049894693491620054,-0.7549281776878538,0.2859470660653792,0.7009665692320665,0.4683956883065337,-0.08331992670532402,0.40728810653186265,-0.6179866381063209,0.21519188251272847,-0.8924446829739906,-0.12734026899089768,-0.5601093261737744,-0.680378635007462,-0.5759285258963672,-0.13614839459246827,-4.133097358511934,0.29354434673404295,-0.9081064280893351,-2.3656126281226633,-0.3946464967035674,-1.4538933927306417,-0.08712385237415256,0.27479311704959775,-0.05930912527782094,0.33578913712692415,0.14903970122571597,2.8413117132519488,-0.33881870954291143,-0.32753215139651964,0.9725392238925575
Lithuania,Europe,-0.4207218090285804,-0.4968797718832753,-0.3470033599920077,-0.43945055872870975,-0.3464137408325871,-0.23011070151368634,-0.5541291478068792,-0.47008386338886576,-0.21581547033628487,-0.44895125008387543,-0.29608438686185296,0.0443312370214994,0.11052193268426173,-0.19812277224782093,0.07415779866176836,0.14293751629538715,0.42031735662968983,0.3620899024792686,0.7492611762021731,0.7233799039198849,-0.5391090373211594,-0.6159316463851393,-0.2185196695928232,-0.26086652969763496,-1.473069391749948,-0.3029440919857316,-1.3453707438080738,-0.42357107048452913,-0.7406587141241017,-0.7893200751245305,-0.3684116908463855,-0.43315986042383814,-0.4174590853128183,1.169886000503301,0.1639607953062842,0.027877293796142396,0.5393485890362504,-0.28518047277557007,0.8091069963801234,0.11925428149106931,-0.7952204118131466,0.18994267858016972,-0.2808830705144985,-0.36197359497681075,-0.2424042601265723,0.36478480730975116,0.31857201575653,-0.15637500433678028,-0.6904703224325724,-0.11426582438575918,0.24974627825944926,-0.41546357523268174,0.40994819298322027,-1.1340147704101735,-0.7302307862892041,-0.6807789800469135,-0.4421696544402313,-0.5200007602550504,0.18464371874712543,0.3411084250255019,-0.2917155145721314,-0.2124421002538679,-0.41546357523268174,-0.519948314987115,-0.47849961715644257,-0.6085618419692792,-0.37200497630675816,-0.6904703224325724,0.21519188251272847,-0.4062354434456246,0.05858222039499404,-0.5824283183118083,-0.7580379893470294,-0.6630586593704291,-0.3680864743604576,0.1002551360474521,-0.4097619841557991,0.7586874486346101,-0.28366336711064527,-0.37313402001462104,0.1708201152773836,0.8625386825348929,0.14021973633813928,-0.13137165069708143,-1.0952987303591308,-0.6689550148169602,-0.03383973959581905,-0.3536268556844549,-0.3433153234237379,-0.264424993993123
Malaysia,Asia,-0.4277624006270729,-0.5084540152827697,-0.23796952862790952,-0.3277076407090323,-0.23688638486650393,-0.18479612410369775,0.19581396572061274,-0.3186751777403863,0.5323448268295026,-0.668192619838013,0.675909812432109,1.3064093591531376,-1.3847517902157251,0.06935956348374316,0.5095358424179585,-0.31770565596748057,-0.9662779661013736,-0.06603723943842774,0.562842127577709,1.0312011396304743,-0.06621253983972797,-0.10072953268051361,0.05208329120917022,-0.11002034847822811,0.6452070217209853,0.18359210696988462,1.1986030263017386,0.44358230216096356,0.8591900168654307,0.17959107168244084,-0.15900148449683468,-0.24773823455836141,-1.3912701852574845,-1.406009780421397,-0.11632972627875755,-1.1405769346230374,-1.5712921320130009,-1.2829600528323173,1.0103940255980992,0.10373829490841092,2.5791931661682144,1.9872633834088875,-0.11985529161729777,-0.10851212681015768,-0.07522890831514312,0.5471772109646268,0.17775038282551403,-2.1353890650401772,0.11917990403643353,-2.0908754502561813,-0.0372492038291163,-0.7205678019099211,-0.49222823171657043,0.523391432497002,0.7752508753671751,-3.3712082380663193,-0.3145985139294073,-0.5868029441143321,0.04578787240730509,0.4236650650782176,-0.4403724647727661,0.19853220083248502,-0.7205678019099211,-0.6625268105365206,-0.7336125940290201,-0.3018049573815098,-1.1149439401444705,0.11917990403643353,0.21519188251272847,-0.7258959250634299,-0.7799174837770474,0.12825759212442278,-0.38008072901271656,-0.26578183991493015,-0.11404637654400539,0.4274536331260146,-1.4611589351378227,0.6439619884513325,0.633313613358472,0.38207796591009047,-0.6695489405888363,0.5542571836237777,0.17357000280610224,-0.759273095958608,-0.37127812704877927,-0.5841639319437253,-0.6315738898112252,-0.24568895340386396,-0.23392229435326592,0.20467858808746467
Mexico,America,0.28359529038814796,2.6967080507947756,0.1196440694856299,0.361229144252652,0.13490970247169418,-0.21178628076821288,-0.06825051087357457,0.18295126315776283,-0.05215540533126886,-0.705601364379296,-0.29608438686185296,0.8427888244925357,-0.5099658026687941,0.20741496257100195,0.18300230960081573,-0.2864756103903371,-0.7782650409852973,-0.40497122678993674,0.43856276182806625,0.41555866820929566,0.4644479301059629,0.6990563401132658,-0.3417093228092952,-0.7502627293889358,0.3718810328860261,0.4505936795674788,0.3241120428264906,0.7904436512191602,1.2633623278522599,-0.35860236239880083,-0.36733733322509665,0.8383027169394313,-0.5391854728059016,-0.7191042388414773,0.08610231708821693,-0.5517496069157342,-1.646972476592456,1.6646089818307341,-1.6703832271685772,-0.6048250923662954,2.2812914859290894,0.1459715298381829,0.046423393113507336,0.22187323671711717,-0.5433198933871448,-1.1551518898142266,-0.8592089142119586,-0.18708080560929893,-0.3762498146058841,-0.9370535691352188,0.39272220933629876,-1.2108970906993834,-0.9936524677621621,0.8519649428978979,0.7596500291323939,0.23860768130364432,1.7715648426593575,1.090674117240966,-1.3155439544536796,-1.091593265889333,-0.31541312772489977,-0.14668621208005175,-1.2108970906993834,-0.8577070811429884,-1.13000094939854,-1.0031028906680162,-0.9242781883631107,-0.3762498146058841,0.21519188251272847,-0.7678478574313863,0.04547781323144084,0.12611102305357527,-0.5111741958273273,-0.3181047342337881,0.2724456098009576,-0.38699645467555077,-0.7905646458133364,-0.3986628365805069,-0.1522353906210453,0.33529168373217394,-0.809610449899873,-0.35239276227835997,0.6615841736722183,-0.8048790998078594,-0.7910428040226541,-0.799123133548477,-1.244446285167382,0.14094107472502898,0.10124285451957331,0.466113190633953
Netherlands,Europe,-0.10502024265671969,-0.23691097318585144,-0.2928223591486846,-0.44946132645343956,-0.2924924636871771,0.18431006519798226,-0.07529223024941967,-0.0489633456780133,-0.16905545176342315,0.9736926166083898,-0.6460022986076793,-1.2177468851101387,1.3006377529515982,-0.75897283103981,-1.2630747643036722,1.321871736832558,-0.42574080639265394,0.6475079970910655,0.12786434745395933,0.10773743249870628,0.8609452452813284,0.8230531575895591,0.8542372348903844,0.7426393227417438,-0.3797654364101115,1.1210642952014374,-0.15288303906909928,-0.25014039595543086,-0.4712105067995492,-0.03825300795665067,-0.26849643206652285,-0.5126262715090425,1.327285802088043,0.3971172662258916,0.2729626648115788,1.4171417701055622,0.5603709069749879,1.2435276911645838,0.07715416286021182,1.2415773109699835,-0.7573056525099853,-1.1127026029011944,-0.17271441034224844,-0.197818555686563,0.42629714711914435,0.5471772109646268,0.3569779156468064,0.9749575917285596,0.6116206047683898,0.6965279299154576,1.6857673086371452,0.7946108153177263,-0.6877643237652374,-0.27623436715119676,-1.0353649847047763,0.2677087156825274,0.6684496864775287,0.8086204520573318,-0.7710112237092855,-0.9178803357784107,-0.5919460442845107,0.8725300546141036,0.7946108153177263,0.8089386338228786,0.8408489588893816,0.3570639632513626,1.2596761733191184,0.6116206047683898,0.21519188251272847,1.3161205657431359,0.36605767343796497,-0.06837400344719742,1.503316643975811,1.1045714349033555,-0.42648046621019986,1.851087624850207,1.0645562249289733,1.07402951139527,0.5420845142782289,0.42473520522102226,0.9925143032354643,0.9167124329610616,-0.3862854005008117,0.5993322783793341,1.052124226696234,0.8634498026915024,-0.5896760475437007,-0.29732175491250173,-0.2895818504234747,1.1291633930199556
Norway,Europe,-0.45425944087731474,-0.5092444514173693,-0.337526801998308,-0.3041517274868128,-0.3372083199145774,-0.25863541558053177,0.02329184101241016,-0.26503743218776266,-0.26257548890914656,2.3918236823718653,-0.6460022986076793,0.6624919499023019,-0.19463596994838858,-0.75897283103981,-0.594458482820952,0.9861487468782636,-0.5432488845902017,0.9864419844425751,-0.6178118470438974,-0.5694692860645904,-0.35472747282431144,-0.45146077555358466,0.0015415857512771668,0.26623742023508745,0.23521803846854658,0.5277274672067837,0.08561450187869565,-0.07670972142633216,-0.23544332539056506,-0.5425088848395825,-0.3070837766311472,-0.6097518850576256,0.8403802521157091,1.2557491932007914,-0.3654768565765742,0.2578879686818078,0.9387726298722641,1.3899907487875929,-0.3757416528802337,1.4329411454894299,-0.6923089222759944,0.1020003810961961,-0.2565188674465742,0.2004286256003971,0.8860293646005746,0.5471772109646268,0.42098774879726775,0.7408887787495241,1.3237541219118718,-0.5668390639661225,0.8185191427622431,2.38547784625113,-0.8077963802703597,-0.6513315604407153,-1.4102441427581938,-0.055493037817458506,-0.2320524818341688,-0.24536955994466966,-0.04406002816551989,-0.006317435196342687,-0.6401615725837969,1.1684315513962777,2.38547784625113,1.323190197867579,2.0773004120155125,2.422917958662796,2.6078725439272734,1.3237541219118718,0.21519188251272847,2.786473382951998,0.18851968040903908,0.0,-0.3323520617211703,-0.1810707524772744,-0.2984618354870793,0.7408645556869274,1.2043722609408785,-0.44238562414553856,0.5410587949037456,-0.3525771870263107,0.721728718567459,-0.6079926759038381,-0.2752827241666072,0.8261024632651156,1.2329598441324747,1.0705476188052747,-0.13134839996003891,-0.344946099901502,-0.33321885996094996,0.5846459832817276
Pakistan,Asia,-0.2098784698076952,-0.27084326724973495,0.45244105784923444,-0.13133233306571762,0.39354963023555023,-0.04099906869710048,0.15708450915346497,-0.3363928488907678,0.6492448732616569,-1.065224095236163,3.961250206045701,-1.346530366960306,-1.0083903769687894,2.6837836836987075,-0.6566553462146932,-2.0978182538646646,-0.3552359594741251,-2.2512695263100007,1.3706580049503871,1.5237151167674172,-0.5520282604455115,-0.5446275334125603,-0.49456576033142485,-0.27036936852659227,0.8502015133472046,-1.9464871055309225,1.27810220661767,3.2184730946265403,2.627443877432808,0.6337758107541808,2.0799597982691194,5.34139934510101,-2.0404775852205956,-1.8353257439088466,-2.716802898762205,-3.0496655361740603,-2.5215009028439384,-0.34925806048563635,-2.512128985716475,-2.6425913302220208,-0.4864859432016898,-1.612874419841296,-0.17341453112006236,-0.21476671608526116,-0.9194644349628603,-3.1614683300178754,-1.4865052790864801,-1.0843445886956034,-1.1283614463004428,-1.2616909106009921,-0.7615214386271688,-1.3345371702311462,0.0033880015949026613,0.4201670110878708,1.3717538196382184,-0.23009924409075774,-0.3070943291934766,-0.7649421010724167,0.033535885965556254,0.6988538652539364,0.3261541760533146,-1.0015127583396657,-1.3345371702311462,-1.0888780399463933,-1.3028005859071965,-1.160626696267141,-1.1095294968890161,-1.1283614463004428,-6.728918042837387,-1.143384360360077,1.7679869986607433,-0.5060922880500619,-0.826108349236903,-0.6052259182292198,1.2471295639036204,-1.0169558843201385,-1.8499504148027401,-1.3470921643713083,-1.5244778564972608,-0.3936978741336738,-2.845171051886937,-1.1915943629183408,0.22172986139435102,-3.2990991666793845,-2.148440157403442,-2.751079561287425,2.0124867303630283,0.4362278465713147,0.4434089756753491,-2.102393057235109
Philippines,Asia,-0.20462638116766269,-0.2736380235827836,0.046873184286448814,-0.3404921972166546,0.04249337528447047,0.045929094740786,0.005687542572797673,-0.32095329981044973,0.7427649104073805,-0.9942638633685204,1.0452676081638148,0.23750645979675014,-0.7337482645994039,1.4412850919133777,-1.2008779009099306,-0.6924662028932034,-0.3552359594741251,0.06775249241085225,0.562842127577709,0.41555866820929566,-0.4491031025372078,-0.40232285372460735,-0.530607796190742,-0.129238549688228,0.5085440273035058,-1.6142184818539165,0.08561450187869565,2.00445837292285,2.1053879757414875,-0.7583973789498398,-0.15756900766844956,1.1385091588168696,-1.1883928727690123,3.813091740023197e-16,2.219424620263261,-0.5885513148974405,-1.2139127270544623,0.4654426975423498,-0.1698799184527586,-1.4685483454675798,1.2548847876506497,-0.28274717039619013,-0.2158418502555857,-0.29853905177025486,-0.9027468997817175,-3.283063265787795,-2.1522075438512767,-2.0040085054971053,-1.2759442056245118,-0.0934762409421384,0.2935783155238849,-0.9805410489862132,0.9365404408766604,1.357909994311668,0.9207058240855758,-2.4613502339902626,-0.5547324254791934,-0.965348652650262,0.3303062242212508,1.047999655476879,0.37992952897690413,-1.050829674470028,-0.9805410489862132,-0.9303805861560349,-1.01032552546518,-0.7158535981049059,-1.1540052807731063,-1.2759442056245118,-1.4489221016519693,-1.041351399730672,0.7258734888565779,-0.11055759641875504,-0.41038765079048134,-0.4437128364088342,-0.09192509344030123,-0.18818762931459299,-1.2236144048730178,-0.6608860849564573,-0.7089386398553968,-0.045210265858066694,-1.3605190531899505,-0.386415432970507,-0.055345370307961994,-1.4496623254997703,-1.9382187521338103,-1.7738813746506152,-0.5507499929414529,0.04987099622054004,0.040610059030064816,-1.4967165119690364
Poland,Europe,0.21385526094623003,0.12527815563247285,-0.2154451023954892,-0.33514657204895537,-0.2119307365227319,-0.1592502567590229,-0.27246037277307933,-0.2112844439541502,0.27516472467876313,-0.5452971747551518,-0.49048322672064537,0.5981002089772183,-0.2149798301238989,-0.008296598502839968,0.8671678069319717,-0.427010815487483,-0.4962456533111826,-0.08387587035166467,0.0035849817043165505,-0.015391061785529467,-0.0459577524831119,-0.02706287895908684,-0.09869025726744972,-0.29054392572097604,-0.5847599280363308,-0.6589461887825239,-1.0273740225443473,-0.9438630940718249,-0.7406587141241017,-0.5923763158248542,-0.3514010285093121,-0.42433025919214884,-0.49861001030820684,-0.5473778534464977,-0.30319007400211945,0.027877293796142396,0.5645753705627352,0.32813358102077905,1.229979875654072,-0.05659356644571946,-0.7085581048344921,-0.0354094587225134,-0.08982011024908078,-0.1720850223464989,-0.20896918976428644,0.1215949357699113,0.3569779156468064,0.34523697874625053,0.05977317306801072,0.5653936343480025,-0.5100090343240982,-0.818821705416151,-0.3780041779455669,-0.18173313628368257,0.006679774094869217,0.2847057800100168,0.12814838549051044,0.30389284067609185,-0.38439298488076595,-0.5429355955389941,-0.43845842678735025,0.19853220083248502,-0.818821705416151,-0.4728835688834278,-0.7207693778020255,-0.9236094531675288,-0.7026727608362969,0.05977317306801072,0.21519188251272847,-0.454647084324393,-0.5221697823007491,-0.5046652736394068,-0.0822538286569211,-0.3065787575807498,-0.47772183937232837,-0.06878208480932692,-0.3756120804723614,0.1377766324631359,-0.07680715717221297,-0.19495879089719464,0.49763030366980143,0.05557735118507698,-0.2301220179671139,0.1961852830268276,-0.3719562606141652,-0.11431373717894375,0.14622475170869043,-0.2102322691598651,-0.2159937570903925,-0.7027715640094186
Portugal,Europe,-0.26600502207688287,-0.36323960541204015,-0.3190211473809107,-0.42809231738335,-0.31805418322182427,-0.16990189049284493,-0.39921132153828953,-0.37639275181379106,-0.26257548890914656,-0.21829961945505072,-0.5488028786782831,-0.9215448768547543,1.0158237104944583,-0.2585220093484966,-0.03468671227727903,0.2522426758153901,0.7258383599433141,0.2907353788263189,-0.5556721641690759,-0.5694692860645904,-0.4509873357027501,-0.4693553759933871,-0.3272211608850039,-0.23325364818026542,-0.85808591687129,-0.4809451403841277,-0.15288303906909928,-0.9438630940718249,-0.9427448696175165,-0.5036008810888191,-0.3710080550978335,-0.5656038788991787,0.7592293271203205,1.2557491932007914,0.4131079256040986,0.543101205540033,-0.145978975766594,0.9506015759185661,-0.5221322195842155,-0.02556159328040414,-0.10463015307699329,0.19543907217291817,-0.258269169391109,-0.3497985899557052,-0.3594270063945727,0.5471772109646268,0.6258192148787433,1.0554973983450024,-0.2776122235639747,0.2567482801465531,0.4135946080336493,-0.29981544000525345,-0.6238762936899304,-0.779271688384427,-0.9761735386963422,1.0485435496362783,1.096188216425585,0.9199574251561351,-1.014689620717402,-0.98667753582234,-0.5497460639393889,0.6423844460057458,-0.29981544000525345,-0.2763190410386163,-0.30511619809201374,-0.4627425915849499,-0.32714244647584984,-0.2776122235639747,0.21519188251272847,-0.1395989503393639,0.3883542215153767,-0.3991176075349916,-0.4085204893134056,-0.5463047644727557,-0.4949057227054196,0.17298521506215103,0.6067703531090465,-0.23643423277922213,-0.5622885472392358,-0.36789409886130314,0.7684158883378046,-0.26771810258136336,-0.38917369820759745,0.9016925248937094,0.645244087464692,0.7813248066464039,-0.07930530769071883,-0.3225820724289614,-0.31677217644260797,-0.4338251527472279
Qatar,Asia,-0.39270823047022746,-0.5133942411240173,-0.3468616731784811,-0.46208229730248723,-0.34737049472510073,-0.0665449360417753,7.04388605872987,-0.3968756532734674,0.2050246968194706,2.3665472468538757,-0.9570404423817472,3.4699718542359452,-2.2290219874993906,-0.8452574554693467,4.676725689798634,-1.5825225018417952,-1.6713264352866601,0.27289674791308194,2.5513119795719934,2.5087430710413035,-0.44639613550090956,-0.5992658597094435,0.09992069321018603,-0.037291752903892,3.9251188877404948,1.6372673355567862,3.8220759767274823,0.27015162763186484,-0.8922233307441626,-0.15717705292887968,-0.37127664450315573,-0.1859310259365358,-2.202779435211373,-0.8049674315389673,0.14838909966266942,-0.0871280436466903,-1.0625520378955517,-2.2349699273818744,1.4541404309195451,1.2312333199148788,-0.7600138496030682,-1.7228022916962635,-0.21430158454439505,0.26697609622712204,6.009953897620878,0.5471772109646268,0.42098774879726775,-0.10377244314041623,1.5367216480250852,1.8311594263192312,-0.021594904806103037,0.6408834160519986,-1.1388525361151327,-0.41144382054625583,1.060195743361266,-1.0871633362405213,3.752669612945092,3.228344000737983,-1.8682446761592393,-1.9463984764351585,-0.6751611243171162,1.4314551040915438,0.6408834160519986,3.1870925692974295,1.7030957937653475,0.3638916204599934,0.8907205400545806,1.5367216480250852,0.21519188251272847,1.169752372944724,-3.98041451844095,-0.22636313916952838,-0.6474425095032111,-0.40114441284503777,-0.25073441501892857,0.6124316001839918,-1.9677920192320664,0.03160900919594139,2.8196191033389404,-0.3975054032985255,-0.7349109782673201,-0.4384739586995405,-0.608132456697959,0.1818231713173941,0.7424432318366699,0.42914544860625753,2.2157607663063045e-16,-0.3604623163588069,-0.3376845501613798,1.6024073421091987
Romania,Europe,-0.13941889263615478,-0.14231270579144734,-0.2848481705338879,-0.36646732309068086,-0.28241795955206334,-0.1945450770126196,-0.25133521464554454,-0.38896608473033956,0.2284047061059015,-0.6989604215388243,-0.06280577903130212,0.7011269944573516,-0.5201377327565492,1.2514589181683968,0.5717327058116997,-1.4185647625617919,-0.07321657180001068,-0.24442354857080104,-0.8042308956683615,-0.8157262746330618,-0.42819530612932744,-0.4436636596456225,-0.3168872693774475,-0.27785323361073916,-0.9947489112887695,-1.0090149172993694,-0.9478748422284156,-0.5970017450136279,-0.6564561493351788,-0.752286174172233,-0.36975463787299656,-0.053487007461195314,-0.8232137102897626,-0.20392508265653767,-2.1250784643048943,-0.6207528093814338,-0.4276780361456774,-0.3401041193841985,-0.6730974914976978,-0.6875770208071371,-0.5839810385526761,-0.10136618183549381,-0.2408361620235425,-0.2903762643129227,-0.493167287843716,0.5471772109646268,-0.32152631574808316,0.16477747454628378,-0.6243383011658379,0.8516502063793984,-1.38143167993847,-0.9372905268686383,-0.24829211688357986,-0.556830329573201,0.03283413395906113,0.33415178532634937,0.30074463441691873,-0.05980793811333136,-0.5218874993937256,-0.2075492453248372,-0.34530857816377664,-0.08093032390623521,-0.9372905268686383,-0.7732673896040201,-0.9186716642088992,-0.9548216004069839,-0.7556569555503868,-0.6243383011658379,0.21519188251272847,-0.7095264389493987,-0.12815430918579793,-0.5410765370372317,-0.5508530660174465,-0.5598244531172486,-0.32051274135897206,-0.5683506261720919,-0.9357003797098118,-0.2768487042664278,-0.30400420069813017,-0.33905597484806715,-0.8656350536242877,-0.1957369622987048,-0.3958281005634468,-0.48412527163052416,-0.8692542085638293,-0.7106126215065182,-0.029846261708199977,-0.2858346742457349,-0.2820586862893583,-1.0676561936721525
Serbia,Europe,-0.3161977447215313,-0.45436559978659596,-0.33141029366465435,-0.4296636672532147,-0.3239204949372764,-0.18100486463911702,-0.1950014596387848,-0.47260375747523065,-0.4496155632005934,-0.8833724687562399,0.598150276488592,0.25038480798176654,-0.4997938725810389,0.7251227091482224,0.07415779866176836,-0.6924662028932034,1.9009191419187916,-0.5922768513789288,-0.6799515299187187,-0.692597780348826,-0.5683736235701092,-0.6461765565909775,-0.24041877375638662,-0.27261604607720835,-0.85808591687129,-0.949681234499904,-1.1863723831762105,-0.42357107048452913,-0.45436999384176435,-0.5157825492788486,-0.14512436522185376,0.04363860608738789,1.1244084895995707,-0.37565146805151767,-0.22533159578405218,-0.3723412805049149,-0.09552541271362372,0.913985811512814,-0.0600869934247716,-0.19623744568963988,-0.6733515426244137,-0.013423884351519795,-0.263450063146932,-0.33990639837605685,-0.5433198933871448,0.18239240365487558,0.44659168205745264,-0.0770936321987196,-1.0966031310028586,-0.0015223141722760735,-1.303160184823407,-1.0237915711037882,1.122396528368463,-0.8534188079881692,0.2342685897552058,0.8031162419984403,-1.0124876943709729,-1.1212204149885863,1.0368374423621014,1.354147195672366,0.19545272504920042,-0.902878926078941,-1.0237915711037882,-0.935225486490238,-1.0400984358095766,-1.1542867288591265,-0.8701337558085663,-1.0966031310028586,0.21519188251272847,-0.9230684630154796,-0.02434146740773339,-0.5654946679528099,-0.8063068860882046,-0.6751540702490152,0.5814006370256298,-1.0084537697717364,0.39002311599646505,0.015444236172894742,-1.0032574790494224,-0.39333429435356604,0.5723297753023543,0.32282773988493624,0.007138878301572273,-0.7360921437258393,-0.5527918780504091,-0.6546724068091272,0.20946304692465798,-0.3372774601171857,-0.32742007980047255,-0.9490051048241313
Singapore,Asia,-0.44310157277847406,-0.5193507419954644,-0.33574620484859286,-0.46667281444310627,-0.335668365442165,7.090089179931763,-0.12106340619241204,-0.3207839999955949,-0.16905545176342315,1.3492954130699395,-0.9959202103535058,-0.3935326012690692,0.8327289689148669,-0.9229136174559297,-1.0920333899708834,1.3765243165925585,-1.2717989694149978,0.6921045743741588,-0.05855470117050483,-0.07695530892764733,0.3378389681489417,0.3185080775415008,0.3492459642599836,0.6332352341789719,0.5768755245122454,1.6847342817963584,0.642108764090217,-1.1172937686009234,-0.7069776882085327,0.19156903304655026,-0.3726195915297668,-0.6362406887526938,-1.1072419477736235,-0.8908306242364573,0.0,0.0,-5.974902120083687e-16,-0.05633194523961888,1.1110375402070867,0.6726578029391972,-0.07213178795999785,-0.4531353717713895,-0.2503578046018118,-0.3652248747267651,0.6854189424268595,0.5471772109646268,0.677027081399113,-1.2582602336079836,0.8425222383437687,1.7607946823562068,0.367675330899479,1.2619044999358713,1.8503328710446887,1.103483603514514,-0.6031297743176051,-3.16621334102569,-1.3051508990722744,-0.8837015390444733,1.653520759930127,0.8932059553780375,0.11980265229228654,-0.8371230379051245,1.2619044999358713,3.4231084284350373,2.199894748727735,1.1242000196210946,0.3338063766364096,0.8425222383437687,0.21519188251272847,1.3099552253772093,-2.539937578869124,-0.12593212537652299,1.4352350859707808,1.2521714621941602,-0.3453395747964628,2.820350916452403,-1.2260524992361634,3.887610683294846,2.493349046984953,1.150163262792293,1.7768587553772686,3.7003181961685705,-0.5673461677728586,1.1032660225699644,1.210355391952946,1.1889742435369868,1.4024628169073265,-0.34447275758960183,-0.33116631576356187,1.6569418904231943
Slovakia,Europe,-0.3975724950797177,-0.48699932020078013,-0.33706977442171765,-0.44630218382534825,-0.33666323701963935,-0.16945055008039484,-0.23021005651800977,-0.44283787985156947,0.25178471539233227,-0.3682528688435815,-0.2766445028759737,0.6882486462723347,-0.3980745717034888,-0.6640597441673194,1.629079383505304,-0.2162080078417636,0.584828666106257,0.12126838515056437,-0.9906499442928256,-1.0004190160594153,-0.3879676472179627,-0.44164855135984055,-0.16230468071263024,-0.24310563284479142,-0.516428430827591,-1.068348600098835,-1.1863723831762105,-0.7704324195427266,-0.6396156363773944,-0.7725346326687037,-0.3702022868818669,-0.31837504441187636,0.1911728521525983,0.3971172662258916,-0.5367655086563213,-0.5839511013997275,-0.19222807523181698,-0.40418170709426476,0.022257700346218323,0.8226456732382229,-0.7193908932068239,0.4922443261813302,-0.2683509085916294,-0.3488301236472081,-0.05015260554342875,0.5471772109646268,0.6002152816185602,0.40413171233452416,-0.2017658940885671,0.6733395483821877,-0.3879055019445992,-0.5014945050969881,-0.43027620255263627,0.03343889707619695,-0.30625484743809356,0.3498611932653925,0.8485501201398682,0.5414117166202052,-0.8826404335118863,-0.7321278956598003,-0.5431836479893914,0.6095065019188379,-0.5014945050969881,-0.29569864237542876,-0.44347266381009337,-0.47737328560344433,-0.6392464255581164,-0.2017658940885671,0.21519188251272847,-0.3781122875956953,-0.8677126601337473,-0.5955137900521977,-0.7430321295497613,-0.6228576039118561,-0.479449054951931,-0.4138523200782721,-0.29444327147287086,1.4535921670160588,0.01964572060028473,-0.3048354788203933,0.0027463041041396203,1.6952154615621255,-0.4019163885990361,-0.08097827627801768,-0.39456071279369725,-0.25773492592440517,-0.6461503622666829,-0.343528838679204,-0.33333845014298225,-1.0785985921950259
Slovenia,Europe,-0.41993335545705346,-0.47898203940698403,-0.34967081330330274,-0.4584286031859732,-0.349501273314404,-0.17847735832939654,-0.08937566900110987,-0.4692670660364962,-0.09891542390413062,-0.14939152443081577,-0.5293629946924039,0.4178033343869844,-0.05222894871981786,-0.1808658473619135,0.8671678069319717,-0.27086058760176507,0.16179958459508484,0.15694564697703892,-1.4877674072913967,-1.4929329931963584,-0.5317447061703375,-0.619058538552732,-0.17922096191096876,-0.21239597956846457,-0.3797654364101115,-1.2997499630167497,-0.8683756619124839,-0.42357107048452913,-0.7069776882085327,-0.7485787099404849,-0.37208241271912235,-0.6009222838259363,0.6375029396272369,-0.11806188995904805,-0.5056221173690939,0.2302866876955282,1.23308508101459,1.1245264568458895,-0.3940404737182311,0.20717820545946297,-0.47836135192244095,1.684961735807727,-0.2808830705144985,-0.3564395017853991,0.06687014072457166,0.36478480730975116,0.5618093817282819,0.9804947034334399,0.30188362380724293,1.163493958033713,-0.20840287314738817,-0.1094191198137555,-0.7226123401699504,-1.3550022641311301,-1.0927210370385305,0.2324269306391027,-0.2170441123623068,-0.46804350614227547,-0.060396010087851844,0.270591294980474,-0.5553058885636922,0.6752623900926541,-0.1094191198137555,-0.46388589683419346,-0.2584135936302144,-0.2510852181173953,-0.2540474625272149,0.30188362380724293,0.21519188251272847,-0.07139881066919672,0.030764800908893677,-0.5822087728912599,-0.7745838104707445,-0.6658336405566596,-0.5592896363289764,1.0220952533332215,0.29009396005354454,1.0602749075636364,0.3485228380030773,-0.37904958099093594,0.8804650957866339,0.9676414932551254,-0.3755708814435124,0.7505124016365218,0.600035183105631,0.6849172025934204,-0.7657833059506808,-0.3574762359987332,-0.3453822720408105,-1.047723283930486
Spain,Europe,0.5766164684078237,0.8242495375141338,-0.18192131495434521,-0.25366362796540115,-0.18073903491938886,-0.18786523890835832,-0.1738763015112495,0.21397827589348262,0.11150465967374719,0.09646587016964674,-0.49048322672064537,-0.7541263504495368,0.8429008990026228,-0.6122889695095973,-0.7499506413053056,0.9236886557239766,2.558964379825059,0.1837035933468953,-0.6799515299187187,-0.692597780348826,0.19948735003658646,0.38993287758019735,-0.42894900156072674,6.130487079377483e-06,-0.7214229224538105,0.47432715268726444,-0.3913805800168942,-0.9438630940718249,-0.7574992270818864,1.5398637724473538,-0.3468350086188345,-0.5656038788991787,0.5563520146318484,0.7405700370158512,0.45982301253493857,1.1089274657587698,1.1742225907861246,1.3442210432804025,-0.6364998498217017,0.49680995500240915,0.8053240701988793,0.29987055043513716,-0.12601635446206025,-0.2680323630525982,-0.20896918976428644,0.5471772109646268,0.6514231481389281,1.1868779578880742,0.6620602820057301,0.5853836184284072,1.0752496467396517,-0.02761921928703819,-0.7381003474609339,-0.46087523361541666,-0.5838581407334636,0.9416680693952474,-0.08196878711555244,0.2890479109295851,-0.19789052460081147,-0.52745622552911,-0.630409093324773,1.102675663222461,-0.02761921928703819,-0.13374054548921085,-0.07218695833879066,-0.1925624420434169,0.15396951136595868,0.6620602820057301,0.21519188251272847,0.2978825781767209,0.01019549861653418,0.2871365852471065,1.0974817850578826,0.06725881079610539,-0.5237800546610673,0.41036036875687554,0.5677421501866667,-0.4795914007466925,-0.1604248853680451,-0.217751391561974,0.460280567853525,-0.6551929065139747,-0.25707255811044244,1.2796428330366822,1.142542035414353,1.234797610895496,-0.5223523337889882,-0.1771875095315366,-0.18278912059392025,0.47871173596028793
Sweden,Europe,-0.28347295789278576,-0.3080502252998169,-0.31919479011128443,-0.2820676635792425,-0.31965131422167775,-0.24987941157900012,-0.0330419139943496,-0.20021877044146638,0.3219247432516248,1.275594248427653,-0.7432017185370756,-0.4064109494540856,0.7106658078618079,-0.7934866808116245,-0.9054427997896591,1.16572150894684,-0.02621334052099154,0.9507647226161007,-0.8042308956683615,-0.8157262746330618,-0.20958686193229223,-0.20143740357992923,-0.2045608606856228,0.10690547718598879,-0.03810795036641251,0.84219598604395,-0.3118813997009625,0.09672095310276616,-0.28596486426391887,-0.17665142548685345,-0.06060823234713125,-0.6097518850576256,1.7330404270649873,0.998159615108321,3.57416214125763,2.047371019292285,0.27446738300815726,1.7561483928451147,0.39280882231567393,1.1122774227811685,-0.7193908932068239,2.064212893707365,-0.2594593747133927,-0.2683090677121688,0.6603426396551452,0.5471772109646268,0.5746113483583752,0.9122875547051407,1.3854026163130653,-0.6436006028348769,0.44803406588427697,0.9549198157752588,-0.05856402756903152,-0.6106233379131704,-1.4827421929080589,0.197145145595678,-1.477747147998683,-1.202867528594375,2.0959536036599467,1.527860125783288,-0.4549556113283159,0.24784911696284703,0.9549198157752588,0.4220387357058021,0.7883085288698577,0.9418040341905286,1.1049777945918486,1.3854026163130653,0.21519188251272847,1.4848402125469986,1.0463149342646907,0.0,0.1291769201615499,0.04150606066206571,-0.5925045961233034,0.4763279728716992,1.436006451281045,-0.20387345846216745,0.28194176145337413,-0.2141792995693486,0.9925143032354643,-0.28743896661649626,-0.29340717425349444,0.7757090888460518,1.1877509397734138,1.0217487081118002,-0.7144375032893187,-0.32579140467176637,-0.31557205379233083,0.8966522114339275
Switzerland,Europe,-0.25162321427760653,-0.3683492104249877,-0.32549868091065365,-0.44956715119648655,-0.32512120201353856,-0.07809925060049751,-0.10345910775279955,-0.09620571647019273,-0.4496155632005934,2.7075107334493898,-0.859841022452351,-0.5094377349342194,0.8530728290903772,-0.646802819281412,-0.5633600511240815,0.8690360759639751,-0.6607569627877494,1.1113124008352364,-0.4313927984194332,-0.4463407917803546,0.26540386722015424,0.2678487672426772,0.21888702996421572,0.9285822505626671,0.23521803846854658,0.1361251607303125,-0.07338385875316758,-0.5970017450136279,-0.7238182011663171,0.14883134096848644,-0.2740472797765153,-0.477307866582285,1.6518895020695978,0.998159615108321,0.1795324909498968,-0.28033701055064875,-0.448700354084415,0.7400609305854913,0.9234746266176096,0.977805539064801,-0.6652269513451649,0.014058083612222064,-0.26513035301368537,-0.3289073881581262,-0.008358767590571458,0.5471772109646268,0.6642251147690215,0.9324225063592508,0.9415334566244729,1.2914298561483029,0.489778863278978,3.1259079803291767,0.3809081793126261,-1.0903988177020898,-1.3496761514937494,0.459569517561005,-1.1100420959380737,-1.25482478270715,1.2219785708151956,1.6482552258601655,-0.35815997606585476,-0.04805237981932695,3.1259079803291767,2.4783528632654326,3.023611934922717,3.613368761967637,2.7130674414618166,0.9415334566244729,0.21519188251272847,2.1717575016149997,-0.13553357989917222,-0.26602126320702213,0.7633448476795968,0.43239994491798817,-0.892602952162744,1.0690135081530485,1.9732350342547782,0.4824283461883465,0.7870266259795754,-0.08367791771012684,0.6843789827511837,0.22106427764386985,-0.5768948984854362,1.1536593969890245,1.3685865572096545,1.3002595642647825,-1.065594299787861,-0.3318445419834608,-0.321856497386731,0.10495489127900826
Thailand,Asia,-0.4760806404574336,-0.5184756162750148,-0.09707257411652688,-0.2506381365068154,-0.09427287835453084,-0.1497721080975711,-0.20908489839047448,-0.2599346763645957,0.017984622528023672,-0.8560011435439385,0.7731092323615053,0.8041537799374858,-1.0490780973198093,1.9848782258194593,-0.20572808661006817,-1.6918276613617982,-1.6008215883681316,1.1291510317484739,0.9978199077014587,0.7849441510620029,0.0043038076212477,-0.0009213290012474645,0.020103464372311204,0.24199455504364212,-0.3114339392013717,-1.2582163850571242,1.4371005672495334,-0.5970017450136279,-0.31964589017948786,0.7496035119724224,0.12346504010035764,0.16725302333103895,-1.4318456477551793,3.813091740023197e-16,-0.5367655086563213,0.9111182853570977,-0.4991539171373853,-1.78642681341141,0.18237238267869899,-1.5409562828533165,0.7890748876403816,0.036043657983215474,-0.06846642652575634,-0.1361825927672159,-0.36778577398514417,-0.9119620182743953,-0.6159715482402048,-1.9954511510441082,-1.3402080906972709,-0.8938752035215446,1.4937412406215227,-0.5574381152273293,2.3924131262291124,1.1281993100490948,1.057442652849246,-1.8461080115906874,-0.5172115017995395,-0.965348652650262,0.27585295114681113,1.0445597954746826,0.8279967068961684,-1.2809752830783856,-0.5574381152273293,-0.4029785783470688,-0.5234508739509242,-0.015531044419632486,-1.093672913069471,-1.3402080906972709,0.19141882559609127,-0.9416319928761532,-1.254744022339383,0.27612066229103877,0.08132405134617526,-0.21779906058723392,-0.4175505274250351,1.6409456005013343,-1.5070410278901896,0.5355740654261638,0.8306784436369671,0.06504165680575928,-0.8376227517620803,0.2115121307839704,-0.5472496458397071,-0.13943459060413063,-0.580595354231229,-0.3755485887291242,-0.38008528600507174,-0.0839305782606866,-0.101778738729381,-1.347781595857711
Turkey,Europe,0.1283601851566376,-0.06287387426418586,-0.05078118061575582,-0.1366164028051903,-0.04964850457103619,-0.1770330690095563,-0.14570942400786963,-0.06822788250517328,0.29854473396519404,-0.6987181553837,0.675909812432109,-0.3935326012690692,-0.04205701863206343,0.74237963403413,0.540634274114829,-0.9423065675103522,0.796343206861843,-1.7517878607393553,0.43856276182806625,0.5386871624935313,-0.20086473222553752,0.009816162699398367,-0.8344103973037604,-0.7360236513992202,0.5085440273035058,0.10645831933057981,0.642108764090217,0.44358230216096356,0.9770736075699226,0.36321240456693427,2.3189148392041137,0.29086744057469016,-0.9043646352851512,-1.0625570096314372,-0.08518633499153241,-0.202133381089523,0.8042297950643436,-0.8710327032676052,-1.180889769752136,-0.7961889268857415,0.1851469358828828,-0.8928468591912595,-0.04760282734690162,-0.27695608832374946,-0.5182435906154303,0.5471772109646268,0.4593936486875442,-0.1727346525557453,-0.5421403086309133,-0.19902335688667552,0.5565705391104988,-0.7976665587282067,-0.6200042918671846,1.712653076337414,0.9303416408776461,0.5592341220267378,0.7059706101571825,1.068406722621206,-0.7968765284196444,-1.0795537558816453,0.0024083225201114223,-0.7056112615574917,-0.7976665587282067,-0.7061309135443485,-0.8013313704986289,-0.7397503983351138,-0.8991397018199294,-0.5421403086309133,0.21519188251272847,-0.5358156739246086,-0.14741181958619445,0.734918895053229,-0.16442957431774968,-0.4416098564714175,1.9059795066360552,-0.9186528830981174,-1.3167306752317136,-0.8148676721082679,0.13229983553213712,-0.36069450130137554,-0.6321992047725599,-0.7438548665735852,1.8090363143738917,-0.23518200200034925,-0.3156711746871362,-0.25891919217172343,0.31801909409121126,-0.038845921130629936,-0.055482189448740185,0.15718266368818118
Ukraine,Europe,0.07054940337116412,-0.08974870284057282,-0.1929288736317323,-0.2125327967594652,-0.1888619135845146,-0.20284974060170116,-0.5330039896793444,-0.4408496465872924,-2.951276556848695,-1.0361901591553602,1.7256635476695883,-0.4064109494540856,-0.5811693132830787,0.4058695987589364,0.08970701451020394,-0.41139579269891097,0.3263108940716519,0.20154222426013224,1.4949373707000297,1.4621508696252994,-0.5064758449090798,-0.5732047677956824,-0.22242077117529718,-0.24890448976597626,-0.9264174140800299,-0.11307630702744223,-1.1863723831762105,-0.5970017450136279,-0.6227751234196098,1.125075933508586,1.0999665880501441,-0.044657406229505814,-0.2145817728243461,0.05366449543593197,0.3819645343168713,-0.33553957252320854,0.8084342586520914,-1.1090351719049945,1.0149687308075985,-1.0237567300980563,-0.589397432738842,-0.8104009553000336,-0.13070716367341348,-0.14552137502772303,-0.2424042601265723,-2.188708843858533,0.3441759490167149,-1.233343230936022,-1.6148241112116777,-1.013015508640757,-1.7258262584447486,-1.3796681498320937,2.0903969840549337,0.4884986703305349,0.7835101469032361,-0.0395260986007262,0.608416208590082,0.8680001710433601,-0.7328939325571783,-0.9574387258036702,3.562610120059652,-1.7248275282516468,-1.3796681498320937,-0.7891863478449731,-1.2111467246509158,-1.4025208373729177,-1.1605799618690151,-1.6148241112116777,0.21519188251272847,-1.0496485295531346,-0.5288535158242582,-0.5118422771789115,-0.6977353522737979,-0.5934469763040856,4.107228908297135,-0.4592781431535366,-0.19214883385321874,-0.06596900765948484,-1.065830098459433,-0.38418370344308206,-0.4361130917371086,0.26810874404071333,2.549743544465863,-1.0686884148916536,-1.9271425705658423,-1.5716158409128362,1.4888946722133694,-0.1744021897641678,-0.19851538213613149,-0.16209878077922582
Vietnam,Asia,-0.47781243329821993,-0.5191813628237645,0.0032885523055133613,-0.32743612224480023,0.006750422096819539,0.0063916746101585365,-0.11050082712864465,-0.3798862683441805,0.9298049846988272,-1.033990762492171,2.6782178629776707,0.9715723063427028,-2.1578184768851054,2.657898296369846,-0.17462965491319757,-2.3242360842989553,-1.2247957381359786,2.1281143628897645,1.4327976878252084,1.2774581281989459,-0.10298241514043335,-0.07975192627897938,-0.1610273288670414,-0.23228211194216114,0.16688654125980687,-2.255022256088142,1.4371005672495334,0.27015162763186484,0.6571038613720163,-0.8150686179208473,-0.36277131333461904,0.8824507230978781,-0.2145817728243461,-1.491872973118887,0.8958304905561171,0.0,-1.6932215760576788,0.2091323467020844,0.4019582327346723,-0.8479088821612675,0.8026158731057963,0.8714954840809681,-0.172994458653374,-0.1611551882934609,-0.8108004562854314,-8.639839831653136e-15,-0.039883049886053,-2.5262588140255993,-1.6955275947914217,-1.148147801024293,-1.928288525809046,-0.7266792887308829,2.843501338579008,-0.4070822252754473,1.739750251411585,-1.6570800537667916,0.02308979918747867,1.6250915881152208,-0.294545084307941,-1.371941856068346,1.498092291123677,-1.478242947599835,-0.7266792887308829,-0.3649115042926158,-0.617439865430295,-0.44030886075659154,-1.1308005239640158,-1.6955275947914217,0.21519188251272847,-1.1183275762667635,-0.9380196900743013,-0.07047835746104723,-0.7085696044553824,-0.5398942826086665,1.1274649882691383,-0.20321536486122307,-0.7842570772578202,1.6605574466699697,0.04598800794364742,0.3818430550639864,-0.2587018466097965,1.91855121078271,0.094654994505002,-0.4171020836531689,-0.9994558531179247,-0.7273887348290714,0.517425524301152,0.01102249033388315,-0.0017355924216532455,-2.175086072287062
